[*] OENEYEbluh Master Engine Daemon active. Monitoring all formats (Unknowns default to .xdll)...

[*] [OENEYE Master Engine]: Processing [.log] -> LEDGER_SYNC.LOG
[!] File already indexed in oeneyeDB. Skipping.

[*] [OENEYE Master Engine]: Processing [.fnt] -> OMQ.FNT
[!] File already indexed in oeneyeDB. Skipping.

[*] [OENEYE Master Engine]: Processing [.pyc] -> __init__.cpython-312.pyc
[!] File already indexed in oeneyeDB. Skipping.

[*] [OENEYE Master Engine]: Processing [.pyc] -> bridge_oeneye_chaosnet.cpython-312.pyc
[!] File already indexed in oeneyeDB. Skipping.

[*] [OENEYE Master Engine]: Processing [.pyc] -> chaosnet_codec.cpython-312.pyc
[!] File already indexed in oeneyeDB. Skipping.

[*] [OENEYE Master Engine]: Processing [.iso] -> oeneye.iso
[!] File already indexed in oeneyeDB. Skipping.

[*] [OENEYE Master Engine]: Processing [.pyc] -> decode_oeneye_chaosnet.cpython-312.pyc
[!] File already indexed in oeneyeDB. Skipping.

[*] [OENEYE Master Engine]: Processing [.pyc] -> emu_dos.cpython-312.pyc
[!] File already indexed in oeneyeDB. Skipping.

[*] [OENEYE Master Engine]: Processing [.json] -> 22845198.json
[!] File already indexed in oeneyeDB. Skipping.

[*] [OENEYE Master Engine]: Processing [.json] -> 22911730.json
[!] File already indexed in oeneyeDB. Skipping.

[*] [OENEYE Master Engine]: Processing [.pyc] -> filesystem.cpython-312.pyc
[!] File already indexed in oeneyeDB. Skipping.

[*] [OENEYE Master Engine]: Processing [.json] -> 22958760.json
[!] File already indexed in oeneyeDB. Skipping.

[*] [OENEYE Master Engine]: Processing [.pdf] -> test_oeneye.pdf
[!] File already indexed in oeneyeDB. Skipping.

[*] [OENEYE Master Engine]: Processing [.json] -> 22973669.json
[!] File already indexed in oeneyeDB. Skipping.

[*] [OENEYE Master Engine]: Processing [.json] -> 22983037.json
[!] File already indexed in oeneyeDB. Skipping.

[*] [OENEYE Master Engine]: Processing [.img] -> 86_dos_v0.1_original.img
[!] File already indexed in oeneyeDB. Skipping.

[*] [OENEYE Master Engine]: Processing [.bat] -> AUTOEXEC.BAT
[!] File already indexed in oeneyeDB. Skipping.

[*] [OENEYE Master Engine]: Processing [.img] -> DOSoeneyeNT.img
[!] File already indexed in oeneyeDB. Skipping.

[*] [OENEYE Master Engine]: Processing [.xdll] -> FILENAME_HERE
[!] File already indexed in oeneyeDB. Skipping.

[*] [OENEYE Master Engine]: Processing [.xdll] -> Mada Innovation Award
[!] File already indexed in oeneyeDB. Skipping.

[*] [OENEYE Master Engine]: Processing [.xdll] -> Makefile
[!] File already indexed in oeneyeDB. Skipping.

[*] [OENEYE Master Engine]: Processing [.img] -> NToeneyeDOS.img
[!] File already indexed in oeneyeDB. Skipping.

[*] [OENEYE Master Engine]: Processing [.doc] -> Notenspiegel.doc
[!] File already indexed in oeneyeDB. Skipping.

[*] [OENEYE Master Engine]: Processing [.md] -> OENEYE_EULA.md
[!] File already indexed in oeneyeDB. Skipping.

[*] [OENEYE Master Engine]: Processing [.ttf] -> OMQ.ttf
[!] File already indexed in oeneyeDB. Skipping.

[*] [OENEYE Master Engine]: Processing [.sha256] -> OMQ.ttf.sha256
[!] File already indexed in oeneyeDB. Skipping.

[*] [OENEYE Master Engine]: Processing [.bin] -> OQM_file.bin
[!] File already indexed in oeneyeDB. Skipping.

[*] [OENEYE Master Engine]: Processing [.m] -> OeneyeClock.m
[!] File already indexed in oeneyeDB. Skipping.

[*] [OENEYE Master Engine]: Processing [.png] -> Screenshot_20260727-150025.png
[!] File already indexed in oeneyeDB. Skipping.

[*] [OENEYE Master Engine]: Processing [.md] -> TODO.md
[!] File already indexed in oeneyeDB. Skipping.

[*] [OENEYE Master Engine]: Processing [.ximg] -> User1.ximg
[!] File already indexed in oeneyeDB. Skipping.

[*] [OENEYE Master Engine]: Processing [.xdll] -> VERSION_TARGET
[!] File already indexed in oeneyeDB. Skipping.

[*] [OENEYE Master Engine]: Processing [.html] -> ig_story.html
[!] File already indexed in oeneyeDB. Skipping.

[*] [OENEYE Master Engine]: Processing [.pyc] -> kernel.cpython-312.pyc
[!] File already indexed in oeneyeDB. Skipping.

[*] [OENEYE Master Engine]: Processing [.pyc] -> oeneye_hotspot.cpython-312.pyc
[!] File already indexed in oeneyeDB. Skipping.

[*] [OENEYE Master Engine]: Processing [.pyc] -> oeneye_master_init.cpython-312.pyc
[!] File already indexed in oeneyeDB. Skipping.

[*] [OENEYE Master Engine]: Processing [.pyc] -> oeneyeasm.cpython-312.pyc
[!] File already indexed in oeneyeDB. Skipping.

[*] [OENEYE Master Engine]: Processing [.pyc] -> sync_hub.cpython-313.pyc
[!] File already indexed in oeneyeDB. Skipping.

[*] [OENEYE Master Engine]: Processing [.zip] -> mosfetq-dos-gold-source.zip
[!] File already indexed in oeneyeDB. Skipping.

[*] [OENEYE Master Engine]: Processing [.md] -> README.md
[!] File already indexed in oeneyeDB. Skipping.

[*] [OENEYE Master Engine]: Processing [.tex] -> chapter_architecture.tex
[!] File already indexed in oeneyeDB. Skipping.

[*] [OENEYE Master Engine]: Processing [.bin] -> chkp_dump.bin
[!] File already indexed in oeneyeDB. Skipping.

[*] [OENEYE Master Engine]: Processing [.xdll] -> content
[!] File already indexed in oeneyeDB. Skipping.

[*] [OENEYE Master Engine]: Processing [.xml] -> datacite.xml
[!] File already indexed in oeneyeDB. Skipping.

[*] [OENEYE Master Engine]: Processing [.bin] -> delta_slice_0_off_000D.bin
[!] File already indexed in oeneyeDB. Skipping.

[*] [OENEYE Master Engine]: Processing [.bin] -> delta_slice_1_off_0130.bin
[!] File already indexed in oeneyeDB. Skipping.

[*] [OENEYE Master Engine]: Processing [.bin] -> delta_slice_2_off_0198.bin
[!] File already indexed in oeneyeDB. Skipping.

[*] [OENEYE Master Engine]: Processing [.bin] -> delta_slice_3_off_0200.bin
[!] File already indexed in oeneyeDB. Skipping.

[*] [OENEYE Master Engine]: Processing [.png] -> dnb_enhanced_highres.png
[!] File already indexed in oeneyeDB. Skipping.

[*] [OENEYE Master Engine]: Processing [.json] -> dos_filesystem_index.json
[!] File already indexed in oeneyeDB. Skipping.

[*] [OENEYE Master Engine]: Processing [.docx] -> draft_MOSFETQ.docx
[!] File already indexed in oeneyeDB. Skipping.

[*] [OENEYE Master Engine]: Processing [.bak] -> emu_dos.bak
[!] File already indexed in oeneyeDB. Skipping.

[*] [OENEYE Master Engine]: Processing [.png] -> extracted_test.png
[!] File already indexed in oeneyeDB. Skipping.

[*] [OENEYE Master Engine]: Processing [.ppm] -> extracted_test.ppm
[!] File already indexed in oeneyeDB. Skipping.

[*] [OENEYE Master Engine]: Processing [.img] -> fat12.img
[!] File already indexed in oeneyeDB. Skipping.

[*] [OENEYE Master Engine]: Processing [.json] -> invoice_pretty.json
[!] File already indexed in oeneyeDB. Skipping.

[*] [OENEYE Master Engine]: Processing [.md] -> invoice_receipt.md
[!] File already indexed in oeneyeDB. Skipping.

[*] [OENEYE Master Engine]: Processing [.png] -> loginbg.png
[!] File already indexed in oeneyeDB. Skipping.

[*] [OENEYE Master Engine]: Processing [.png] -> logo.png
[!] File already indexed in oeneyeDB. Skipping.

[*] [OENEYE Master Engine]: Processing [.bat] -> make_oeneye_refs.bat
[!] File already indexed in oeneyeDB. Skipping.

[*] [OENEYE Master Engine]: Processing [.tex] -> monograph.tex
[!] File already indexed in oeneyeDB. Skipping.

[*] [OENEYE Master Engine]: Processing [.img] -> mosfetq-dos (1).img
[!] File already indexed in oeneyeDB. Skipping.

[*] [OENEYE Master Engine]: Processing [.s] -> mosfetq-dos-0.6.s
[!] File already indexed in oeneyeDB. Skipping.

[*] [OENEYE Master Engine]: Processing [.img] -> mosfetq-dos-1200.img
[!] File already indexed in oeneyeDB. Skipping.

[*] [OENEYE Master Engine]: Processing [.img] -> mosfetq-dos-1440.img
[!] File already indexed in oeneyeDB. Skipping.

[*] [OENEYE Master Engine]: Processing [.img] -> mosfetq-dos-gold-1.0.0.0.1-3.5in-1.44M.img
[!] File already indexed in oeneyeDB. Skipping.

[*] [OENEYE Master Engine]: Processing [.ximg] -> mosfetq-dos-gold-1.0.0.0.1-5.25in-1.2M.ximg
[!] File already indexed in oeneyeDB. Skipping.

[*] [OENEYE Master Engine]: Processing [.img] -> mosfetq-dos-nt-oeneye.img
[!] File already indexed in oeneyeDB. Skipping.

[*] [OENEYE Master Engine]: Processing [.s] -> mosfetq-dos.s
[!] File already indexed in oeneyeDB. Skipping.

[*] [OENEYE Master Engine]: Processing [.bin] -> mosfetq.bin
[!] File already indexed in oeneyeDB. Skipping.

[*] [OENEYE Master Engine]: Processing [.img] -> mosfetq.img
[!] File already indexed in oeneyeDB. Skipping.

[*] [OENEYE Master Engine]: Processing [.img] -> oeneye-compiled.img
[!] File already indexed in oeneyeDB. Skipping.

[*] [OENEYE Master Engine]: Processing [.sty] -> oeneye-font.sty
[!] File already indexed in oeneyeDB. Skipping.

[*] [OENEYE Master Engine]: Processing [.img] -> oeneye-mosfetq-exfat.img
[!] File already indexed in oeneyeDB. Skipping.

[*] [OENEYE Master Engine]: Processing [.img] -> oeneye-mosfetq-fat12.img
[!] File already indexed in oeneyeDB. Skipping.

[*] [OENEYE Master Engine]: Processing [.img] -> oeneye-mosfetq-fat16.img
[!] File already indexed in oeneyeDB. Skipping.

[*] [OENEYE Master Engine]: Processing [.img] -> oeneye-refs-downloaded.img
[!] File already indexed in oeneyeDB. Skipping.

[*] [OENEYE Master Engine]: Processing [.vhdx] -> oeneye-refs-new.vhdx
[!] File already indexed in oeneyeDB. Skipping.

[*] [OENEYE Master Engine]: Processing [.img] -> oeneye-refs-vhd.img
[!] File already indexed in oeneyeDB. Skipping.

[*] [OENEYE Master Engine]: Processing [.vhd] -> oeneye-refs.vhd
[!] File already indexed in oeneyeDB. Skipping.

[*] [OENEYE Master Engine]: Processing [.img] -> oeneye-sufficient-v2.img
[!] File already indexed in oeneyeDB. Skipping.

[*] [OENEYE Master Engine]: Processing [.img] -> oeneye.img
[!] File already indexed in oeneyeDB. Skipping.

[*] [OENEYE Master Engine]: Processing [.rc] -> oeneye.rc
[!] File already indexed in oeneyeDB. Skipping.

[*] [OENEYE Master Engine]: Processing [.xdll] -> oeneyeVNC
[!] File already indexed in oeneyeDB. Skipping.

[*] [OENEYE Master Engine]: Processing [.json] -> oeneye_dual_channel_ledger.json
[!] File already indexed in oeneyeDB. Skipping.

[*] [OENEYE Master Engine]: Processing [.html] -> oeneye_ecosystem_stream.html
[!] File already indexed in oeneyeDB. Skipping.

[*] [OENEYE Master Engine]: Processing [.json] -> oeneye_mainframe_declaration.json
[!] File already indexed in oeneyeDB. Skipping.

[*] [OENEYE Master Engine]: Processing [.tex] -> oeneye_monograph.tex
[!] File already indexed in oeneyeDB. Skipping.

[*] [OENEYE Master Engine]: Processing [.html] -> oeneye_movie_full.html
[!] File already indexed in oeneyeDB. Skipping.

[*] [OENEYE Master Engine]: Processing [.xdll] -> kernel
[!] File already indexed in oeneyeDB. Skipping.

[*] [OENEYE Master Engine]: Processing [.tex] -> rc_v04_specification.tex
[!] File already indexed in oeneyeDB. Skipping.

[*] [OENEYE Master Engine]: Processing [.vhdx] -> refs-oeneye.vhdx
[!] File already indexed in oeneyeDB. Skipping.

[*] [OENEYE Master Engine]: Processing [.bin] -> test.bin
[!] File already indexed in oeneyeDB. Skipping.

[*] [OENEYE Master Engine]: Processing [.com] -> test.com
[!] File already indexed in oeneyeDB. Skipping.

[*] [OENEYE Master Engine]: Processing [.ppm] -> test.ppm
[!] File already indexed in oeneyeDB. Skipping.

[*] [OENEYE Master Engine]: Processing [.profile] -> texlive.profile
[!] File already indexed in oeneyeDB. Skipping.

[*] [OENEYE Master Engine]: Processing [.zip] -> mosfetq-dos-0.3-source.zip
[!] File already indexed in oeneyeDB. Skipping.

[*] [OENEYE Master Engine]: Processing [.zip] -> mosfetq-dos-0.4-gold-rc.zip
[!] File already indexed in oeneyeDB. Skipping.

[*] [OENEYE Master Engine]: Processing [.zip] -> mosfetq-dos-0.4-rc1.zip
[!] File already indexed in oeneyeDB. Skipping.

[*] [OENEYE Master Engine]: Processing [.html] -> truth_post.html
[!] File already indexed in oeneyeDB. Skipping.

[*] [OENEYE Master Engine]: Processing [.zip] -> mosfetq-dos-gold-1.0.0.0.1-source.zip
[!] File already indexed in oeneyeDB. Skipping.

[*] [OENEYE Master Engine]: Processing [.html] -> viewer.html
[!] File already indexed in oeneyeDB. Skipping.

[*] [OENEYE Master Engine]: Processing [.zip] -> mosfetq-dos-nt-oeneye.zip
[!] File already indexed in oeneyeDB. Skipping.

[*] [OENEYE Master Engine]: Processing [.img] -> mosfetq-dos.img
[!] File already indexed in oeneyeDB. Skipping.

[*] [OENEYE Master Engine]: Processing [.pdf] -> Executive_Summary_Radius0.pdf
[!] File already indexed in oeneyeDB. Skipping.

[*] [OENEYE Master Engine]: Processing [.pdf] -> Minus_G_Vortex_Research_Synthesis.pdf
[!] File already indexed in oeneyeDB. Skipping.

[*] [OENEYE Master Engine]: Processing [.pdf] -> OENEYE_EULA (1).pdf
[!] File already indexed in oeneyeDB. Skipping.

[*] [OENEYE Master Engine]: Processing [.pdf] -> OENEYE_EULA (2).pdf
[!] File already indexed in oeneyeDB. Skipping.

[*] [OENEYE Master Engine]: Processing [.zip] -> oeneye-artwork-fat-bundle-v1.zip
[!] File already indexed in oeneyeDB. Skipping.

[*] [OENEYE Master Engine]: Processing [.pdf] -> OENEYE_EULA.pdf
[!] File already indexed in oeneyeDB. Skipping.

[*] [OENEYE Master Engine]: Processing [.log] -> OMQ.log
[!] File already indexed in oeneyeDB. Skipping.

[*] [OENEYE Master Engine]: Processing [.pdf] -> Obsidian_Brain_Mainframe_Declaration.pdf
[!] File already indexed in oeneyeDB. Skipping.

[*] [OENEYE Master Engine]: Processing [.pdf] -> PGCertQts-1.pdf
[!] File already indexed in oeneyeDB. Skipping.

[*] [OENEYE Master Engine]: Processing [.pdf] -> dnb_record.pdf
[!] File already indexed in oeneyeDB. Skipping.

[*] [OENEYE Master Engine]: Processing [.zip] -> oeneye-artwork-master-v1.1.zip
[!] File already indexed in oeneyeDB. Skipping.

[*] [OENEYE Master Engine]: Processing [.pdf] -> Radius0_Labyrinth_Manifest.pdf
[!] File already indexed in oeneyeDB. Skipping.

[*] [OENEYE Master Engine]: Processing [.zip] -> oeneye-artwork-refs-locked-bundle-v1.zip
[!] File already indexed in oeneyeDB. Skipping.

[*] [OENEYE Master Engine]: Processing [.zip] -> oeneye-distro-logo.zip
[!] File already indexed in oeneyeDB. Skipping.

[*] [OENEYE Master Engine]: Processing [.pdf] -> Radius0_FTP_Presentation_Deck.pdf
[!] File already indexed in oeneyeDB. Skipping.

[*] [OENEYE Master Engine]: Processing [.pdf] -> Radius0_Final_Fulfillment_Summary.pdf
[!] File already indexed in oeneyeDB. Skipping.

[*] [OENEYE Master Engine]: Processing [.html] -> index.html
[!] File already indexed in oeneyeDB. Skipping.

[*] [OENEYE Master Engine]: Processing [.db] -> invoice_database.db
[!] File already indexed in oeneyeDB. Skipping.

[*] [OENEYE Master Engine]: Processing [.xdll] -> ler
[!] File already indexed in oeneyeDB. Skipping.

[*] [OENEYE Master Engine]: Processing [.html] -> maga_post.html
[!] File already indexed in oeneyeDB. Skipping.

[*] [OENEYE Master Engine]: Processing [.json] -> metadata.json
[!] File already indexed in oeneyeDB. Skipping.

[*] [OENEYE Master Engine]: Processing [.img] -> mosfetq-dos-gold.img
[!] File already indexed in oeneyeDB. Skipping.

[*] [OENEYE Master Engine]: Processing [.s] -> mosfetq.s
[!] File already indexed in oeneyeDB. Skipping.

[*] [OENEYE Master Engine]: Processing [.img] -> oeneye-00x00.img
[!] File already indexed in oeneyeDB. Skipping.

[*] [OENEYE Master Engine]: Processing [.img] -> oeneye-bootstrap-bootable.img
[!] File already indexed in oeneyeDB. Skipping.

[*] [OENEYE Master Engine]: Processing [.img] -> oeneye-bootstrap.img
[!] File already indexed in oeneyeDB. Skipping.

[*] [OENEYE Master Engine]: Processing [.img] -> oeneye-ext4.img
[!] File already indexed in oeneyeDB. Skipping.

[*] [OENEYE Master Engine]: Processing [.img] -> oeneye-mosfetq-fat32.img
[!] File already indexed in oeneyeDB. Skipping.

[*] [OENEYE Master Engine]: Processing [.img] -> oeneye-ntfs.img
[!] File already indexed in oeneyeDB. Skipping.

[*] [OENEYE Master Engine]: Processing [.img] -> oeneye-phone.img
[!] File already indexed in oeneyeDB. Skipping.

[*] [OENEYE Master Engine]: Processing [.img] -> oeneye-refs-vhd-converted.img
[!] File already indexed in oeneyeDB. Skipping.

[*] [OENEYE Master Engine]: Processing [.vhdx] -> oeneye-refs.vhdx
[!] File already indexed in oeneyeDB. Skipping.

[*] [OENEYE Master Engine]: Processing [.img] -> oeneye-upscaled-32m.img
[!] File already indexed in oeneyeDB. Skipping.

[*] [OENEYE Master Engine]: Processing [.ximg] -> oeneyeTESTfont.ximg
[!] File already indexed in oeneyeDB. Skipping.

[*] [OENEYE Master Engine]: Processing [.save] -> oeneye_align.py.save
[!] File already indexed in oeneyeDB. Skipping.

[*] [OENEYE Master Engine]: Processing [.json] -> oeneye_invoices_codex.json
[!] File already indexed in oeneyeDB. Skipping.

[*] [OENEYE Master Engine]: Processing [.json] -> oeneye_label.json
[!] File already indexed in oeneyeDB. Skipping.

[*] [OENEYE Master Engine]: Processing [.html] -> oeneye_movie.html
[!] File already indexed in oeneyeDB. Skipping.

[*] [OENEYE Master Engine]: Processing [.png] -> oeneye_s.png
[!] File already indexed in oeneyeDB. Skipping.

[*] [OENEYE Master Engine]: Processing [.json] -> oeneye_zenodo_payload.json
[!] File already indexed in oeneyeDB. Skipping.

[*] [OENEYE Master Engine]: Processing [.xdll] -> oeneyepdf
[!] File already indexed in oeneyeDB. Skipping.

[*] [OENEYE Master Engine]: Processing [.c] -> oeneyepdf.c
[!] File already indexed in oeneyeDB. Skipping.

[*] [OENEYE Master Engine]: Processing [.pdf (2)] -> omq_vector_as_8x16.pdf (2)
[!] File already indexed in oeneyeDB. Skipping.

[*] [OENEYE Master Engine]: Processing [.pdf (3)] -> omq_vector_as_8x16.pdf (3)
[!] File already indexed in oeneyeDB. Skipping.

[*] [OENEYE Master Engine]: Processing [.json] -> record.json
[!] File already indexed in oeneyeDB. Skipping.

[*] [OENEYE Master Engine]: Processing [.zip] -> mosfetq-dos-0.5-source.zip
[!] File already indexed in oeneyeDB. Skipping.

[*] [OENEYE Master Engine]: Processing [.zip] -> mosfetq-dos-0.6-source.zip
[!] File already indexed in oeneyeDB. Skipping.

[*] [OENEYE Master Engine]: Processing [.bin] -> supb_dump.bin
[!] File already indexed in oeneyeDB. Skipping.

[*] [OENEYE Master Engine]: Processing [.xdll] -> tall texlive-installer
[!] File already indexed in oeneyeDB. Skipping.

[*] [OENEYE Master Engine]: Processing [.c] -> target_asset.c
[!] File already indexed in oeneyeDB. Skipping.

[*] [OENEYE Master Engine]: Processing [.png] -> test.png
[!] File already indexed in oeneyeDB. Skipping.

[*] [OENEYE Master Engine]: Processing [.tex] -> test_oeneye.tex
[!] File already indexed in oeneyeDB. Skipping.

[*] [OENEYE Master Engine]: Processing [.zip] -> oeneye-5.0-gecko.zip
[!] File already indexed in oeneyeDB. Skipping.

[*] [OENEYE Master Engine]: Processing [.html] -> trump_profile.html
[!] File already indexed in oeneyeDB. Skipping.

[*] [OENEYE Master Engine]: Processing [.zip] -> oeneye-pack.zip
[!] File already indexed in oeneyeDB. Skipping.

[*] [OENEYE Master Engine]: Processing [.pdf] -> 1.pdf
[!] File already indexed in oeneyeDB. Skipping.

[*] [OENEYE Master Engine]: Processing [.zip] -> oeneye-refs-placeholder.zip
[!] File already indexed in oeneyeDB. Skipping.

[*] [OENEYE Master Engine]: Processing [.pdf] -> FAT77_Kernel_Architecture.pdf
[!] File already indexed in oeneyeDB. Skipping.

[*] [OENEYE Master Engine]: Processing [.pdf] -> Fibonacci_Magnetism_Manifold.pdf
[!] File already indexed in oeneyeDB. Skipping.

[*] [OENEYE Master Engine]: Processing [.zip] -> oeneyeCURL.zip
[!] File already indexed in oeneyeDB. Skipping.

[*] [OENEYE Master Engine]: Processing [.zip] -> oeneyeMOSFETQfont.zip
[!] File already indexed in oeneyeDB. Skipping.

[*] [OENEYE Master Engine]: Processing [.pdf] -> Radius0_Fulcrum_Coupling.pdf
[!] File already indexed in oeneyeDB. Skipping.

[*] [OENEYE Master Engine]: Processing [.pdf] -> Radius0_StandardModel_Fulfillment.pdf
[!] File already indexed in oeneyeDB. Skipping.

[*] [OENEYE Master Engine]: Processing [.pdf] -> Radius_0_Invariance_Postulate.pdf
[!] File already indexed in oeneyeDB. Skipping.

[*] [OENEYE Master Engine]: Processing [.pdf] -> Radius_0_Variance_Theory.pdf
[!] File already indexed in oeneyeDB. Skipping.

[*] [OENEYE Master Engine]: Processing [.pdf] -> STARv3_Stabilizer_Protocol.pdf
[!] File already indexed in oeneyeDB. Skipping.

[*] [OENEYE Master Engine]: Processing [.pdf] -> Unified Master Framework oeneye and Inertia Probability (1).pdf
[!] File already indexed in oeneyeDB. Skipping.

[*] [OENEYE Master Engine]: Processing [.pdf] -> Unified_Radius_0_Theory.pdf
[!] File already indexed in oeneyeDB. Skipping.

[*] [OENEYE Master Engine]: Processing [.log] -> chapter_architecture.log
[!] File already indexed in oeneyeDB. Skipping.

[*] [OENEYE Master Engine]: Processing [.pdf] -> cnnn_manifold_report.pdf
[!] File already indexed in oeneyeDB. Skipping.

[*] [OENEYE Master Engine]: Processing [.pdf] -> dnb_publication.pdf
[!] File already indexed in oeneyeDB. Skipping.

[*] [OENEYE Master Engine]: Processing [.pdf] -> draft_MOSFETQ.pdf
[!] File already indexed in oeneyeDB. Skipping.

[*] [OENEYE Master Engine]: Processing [.zip] -> oeneye-ntfs.zip
[!] File already indexed in oeneyeDB. Skipping.

[*] [OENEYE Master Engine]: Processing [.zip] -> oeneye-wg-server.zip
[!] File already indexed in oeneyeDB. Skipping.

[*] [OENEYE Master Engine]: Processing [.zip] -> oeneye-xima.zip
[!] File already indexed in oeneyeDB. Skipping.

[*] [OENEYE Master Engine]: Processing [.pdf] -> compiling_nasa_nastran.pdf
[!] File already indexed in oeneyeDB. Skipping.

[*] [OENEYE Master Engine]: Processing [.pdf] -> dyscalculia_clinical_protocol_v2.pdf
[!] File already indexed in oeneyeDB. Skipping.

[*] [OENEYE Master Engine]: Processing [.pdf] -> fraktur_infinity.pdf
[!] File already indexed in oeneyeDB. Skipping.

[*] [OENEYE Master Engine]: Processing [.pdf] -> fraktur_infinity_final_synthesis.pdf
[!] File already indexed in oeneyeDB. Skipping.

[*] [OENEYE Master Engine]: Processing [.pdf] -> gemini_deletion_incident.pdf
[!] File already indexed in oeneyeDB. Skipping.

[*] [OENEYE Master Engine]: Processing [.zip] -> oeneyephraser-firefoxos.zip
[!] File already indexed in oeneyeDB. Skipping.

[*] [OENEYE Master Engine]: Processing [.log] -> manifold_verification.log
[!] File already indexed in oeneyeDB. Skipping.

[*] [OENEYE Master Engine]: Processing [.pdf] -> oeneye_sdk_readme.pdf
[!] File already indexed in oeneyeDB. Skipping.

[*] [OENEYE Master Engine]: Processing [.gz] -> oeneye_workspace_backup.tar.gz
[!] File already indexed in oeneyeDB. Skipping.

[*] [OENEYE Master Engine]: Processing [.html] -> ig_post.html
[!] File already indexed in oeneyeDB. Skipping.

[*] [OENEYE Master Engine]: Processing [.pdf] -> 2she0y.pdf
[!] File already indexed in oeneyeDB. Skipping.

[*] [OENEYE Master Engine]: Processing [.bin] -> bird_loader_lba2.bin
[!] File already indexed in oeneyeDB. Skipping.

[*] [OENEYE Master Engine]: Processing [.gz] -> oeneyeos_v0.2_archive.tar.gz
[!] File already indexed in oeneyeDB. Skipping.

[*] [OENEYE Master Engine]: Processing [.pdf] -> oeneyepdf-test.pdf
[!] File already indexed in oeneyeDB. Skipping.

[*] [OENEYE Master Engine]: Processing [.pdf] -> oeneyesdk_lfn_erratum.pdf
[!] File already indexed in oeneyeDB. Skipping.

[*] [OENEYE Master Engine]: Processing [.pdf] -> patient_action_protocol.pdf
[!] File already indexed in oeneyeDB. Skipping.

[*] [OENEYE Master Engine]: Processing [.pdf] -> quantumthermostatic_3month_plan.pdf
[!] File already indexed in oeneyeDB. Skipping.

[*] [OENEYE Master Engine]: Processing [.pdf] -> quantumthermostatic_invention_profile.pdf
[!] File already indexed in oeneyeDB. Skipping.

[*] [OENEYE Master Engine]: Processing [.aux] -> test_oeneye.aux
[!] File already indexed in oeneyeDB. Skipping.

[*] [OENEYE Master Engine]: Processing [.json] -> oeneyeAuth_context.json
[!] File already indexed in oeneyeDB. Skipping.

[*] [OENEYE Master Engine]: Processing [.html] -> share.html
[!] File already indexed in oeneyeDB. Skipping.

[*] [OENEYE Master Engine]: Processing [.grammar] -> oeneyeToken.grammar
[!] File already indexed in oeneyeDB. Skipping.

[*] [OENEYE Master Engine]: Processing [.toml] -> Cargo.toml
[!] File already indexed in oeneyeDB. Skipping.

[*] [OENEYE Master Engine]: Processing [.html] -> bing_search.html
[!] File already indexed in oeneyeDB. Skipping.

[*] [OENEYE Master Engine]: Processing [.zip] -> oeneyec-test-tree.zip
[!] File already indexed in oeneyeDB. Skipping.

[*] [OENEYE Master Engine]: Processing [.pdf] -> mada_submission_summary.pdf
[!] File already indexed in oeneyeDB. Skipping.

[*] [OENEYE Master Engine]: Processing [.log] -> missfont.log
[!] File already indexed in oeneyeDB. Skipping.

[*] [OENEYE Master Engine]: Processing [.aux] -> monograph.aux
[!] File already indexed in oeneyeDB. Skipping.

[*] [OENEYE Master Engine]: Processing [.log] -> monograph.log
[!] File already indexed in oeneyeDB. Skipping.

[*] [OENEYE Master Engine]: Processing [.pdf] -> monograph.pdf
[!] File already indexed in oeneyeDB. Skipping.

[*] [OENEYE Master Engine]: Processing [.pdf] -> nbn_resource.pdf
[!] File already indexed in oeneyeDB. Skipping.

[*] [OENEYE Master Engine]: Processing [.gz] -> oeneye_asset_omq.tar.gz
[!] File already indexed in oeneyeDB. Skipping.

[*] [OENEYE Master Engine]: Processing [.log] -> oeneye_audit.log
[!] File already indexed in oeneyeDB. Skipping.

[*] [OENEYE Master Engine]: Processing [.log] -> oeneye_kernel_runtime.log
[!] File already indexed in oeneyeDB. Skipping.

[*] [OENEYE Master Engine]: Processing [.pdf] -> oeneye_nested_scope.pdf
[!] File already indexed in oeneyeDB. Skipping.

[*] [OENEYE Master Engine]: Processing [.html] -> fb_post.html
[!] File already indexed in oeneyeDB. Skipping.

[*] [OENEYE Master Engine]: Processing [.pdf] -> rheinmetall_cv.pdf
[!] File already indexed in oeneyeDB. Skipping.

[*] [OENEYE Master Engine]: Processing [.pdf] -> summary.pdf
[!] File already indexed in oeneyeDB. Skipping.

[*] [OENEYE Master Engine]: Processing [.pdf] -> trex_bribery_app.pdf
[!] File already indexed in oeneyeDB. Skipping.

[*] [OENEYE Master Engine]: Processing [.zip] -> mosfetq-dos-hello-sample-v2-with-bird-lash.zip
[!] File already indexed in oeneyeDB. Skipping.

[*] [OENEYE Master Engine]: Processing [.asm] -> boot_bird_lash_patch.asm
[!] File already indexed in oeneyeDB. Skipping.

[*] [OENEYE Master Engine]: Processing [.sha256] -> combined_checksums.sha256
[!] File already indexed in oeneyeDB. Skipping.

[*] [OENEYE Master Engine]: Processing [.log] -> gh-diagnostic.log
[!] File already indexed in oeneyeDB. Skipping.

[*] [OENEYE Master Engine]: Processing [.gz] -> oeneye-chat.tar.gz
[!] File already indexed in oeneyeDB. Skipping.

[*] [OENEYE Master Engine]: Processing [.sha256] -> share.html.sha256
[!] File already indexed in oeneyeDB. Skipping.

[*] [OENEYE Master Engine]: Processing [.gz] -> oeneyeAuth_context.tar.gz
[!] File already indexed in oeneyeDB. Skipping.

[*] [OENEYE Master Engine]: Processing [.pdf] -> Radius_0_Invariance_Postulate-1.pdf
[!] File already indexed in oeneyeDB. Skipping.

[*] [OENEYE Master Engine]: Processing [.pdf] -> Unified_Radius0_Manifold_Tier.pdf
[!] File already indexed in oeneyeDB. Skipping.

[*] [OENEYE Master Engine]: Processing [.aux] -> chapter_architecture.aux
[!] File already indexed in oeneyeDB. Skipping.

[*] [OENEYE Master Engine]: Processing [.pdf] -> chapter_architecture.pdf
[!] File already indexed in oeneyeDB. Skipping.

[*] [OENEYE Master Engine]: Processing [.zip] -> oeneye-telemetry.zip
[!] File already indexed in oeneyeDB. Skipping.

[*] [OENEYE Master Engine]: Processing [.pdf] -> fraktur_infinity_lemniscate.pdf
[!] File already indexed in oeneyeDB. Skipping.

[*] [OENEYE Master Engine]: Processing [.pdf] -> fraktur_infinity_symbol.pdf
[!] File already indexed in oeneyeDB. Skipping.

[*] [OENEYE Master Engine]: Processing [.pdf] -> manifold_maga_report.pdf
[!] File already indexed in oeneyeDB. Skipping.

[*] [OENEYE Master Engine]: Processing [.log] -> oeneye_daemon.log
[+] Successfully indexed oeneye_daemon.log as [.log] into oeneyeDB.

[*] [OENEYE Master Engine]: Processing [.log] -> oeneye_rack.log
[!] File already indexed in oeneyeDB. Skipping.

[*] [OENEYE Master Engine]: Processing [.gz] -> oeneye_release_v1.0.tar.gz
[!] File already indexed in oeneyeDB. Skipping.

[*] [OENEYE Master Engine]: Processing [.zip] -> mosfetq-dos-hello-sample.zip
[!] File already indexed in oeneyeDB. Skipping.

[*] [OENEYE Master Engine]: Processing [.pdf] -> omq_vector_as_8x16.pdf
[!] File already indexed in oeneyeDB. Skipping.

[*] [OENEYE Master Engine]: Processing [.sha256] -> checksums.sha256
[!] File already indexed in oeneyeDB. Skipping.

[*] [OENEYE Master Engine]: Processing [.html] -> auth_response.html
[!] File already indexed in oeneyeDB. Skipping.

[*] [OENEYE Master Engine]: Processing [.log] -> test_oeneye.log
[!] File already indexed in oeneyeDB. Skipping.

[*] [OENEYE Master Engine]: Processing [.sha256] -> auth_response.html.sha256
[!] File already indexed in oeneyeDB. Skipping.

[*] [OENEYE Master Engine]: Processing [.html] -> ximg_response.html
[!] File already indexed in oeneyeDB. Skipping.

[*] [OENEYE Master Engine]: Processing [.sha256] -> ximg_response.html.sha256
[!] File already indexed in oeneyeDB. Skipping.

[*] [OENEYE Master Engine]: Processing [.json] -> perplexity_response.json
[!] File already indexed in oeneyeDB. Skipping.

[*] [OENEYE Master Engine]: Processing [.sha256] -> manifest.sha256
[!] File already indexed in oeneyeDB. Skipping.

[*] [OENEYE Master Engine]: Processing [.log] -> oeneye_deployment_audit.log
[!] File already indexed in oeneyeDB. Skipping.

[*] [OENEYE Master Engine]: Processing [.md5] -> checksums.md5
[!] File already indexed in oeneyeDB. Skipping.

[*] [OENEYE Master Engine]: Processing [.pdf] -> trump_beneficiaro_profile.pdf
[!] File already indexed in oeneyeDB. Skipping.

[*] [OENEYE Master Engine]: Processing [.png] -> BIRD_1024_white.png
[!] File already indexed in oeneyeDB. Skipping.

[*] [OENEYE Master Engine]: Processing [.webp] -> BIRD_Laifsmitch_1024.webp
[!] File already indexed in oeneyeDB. Skipping.

[*] [OENEYE Master Engine]: Processing [.img] -> hello_bird_lba2.img
[!] File already indexed in oeneyeDB. Skipping.

[*] [OENEYE Master Engine]: Processing [.pdf] -> test.pdf
[!] File already indexed in oeneyeDB. Skipping.

[*] [OENEYE Master Engine]: Processing [.xdll] -> earch 7z
[!] File already indexed in oeneyeDB. Skipping.

[*] [OENEYE Master Engine]: Processing [.sha256] -> oeneyeAuth_context.json.sha256
[!] File already indexed in oeneyeDB. Skipping.

[*] [OENEYE Master Engine]: Processing [.sha256] -> oeneyeAuth_context.tar.gz.sha256
[!] File already indexed in oeneyeDB. Skipping.

[*] [OENEYE Master Engine]: Processing [.xdll] -> oeneyeToken
[!] File already indexed in oeneyeDB. Skipping.

[*] [OENEYE Master Engine]: Processing [.lock] -> Cargo.lock
[!] File already indexed in oeneyeDB. Skipping.

[*] [OENEYE Master Engine]: Processing [.html] -> phia_page.html
[!] File already indexed in oeneyeDB. Skipping.

[*] [OENEYE Master Engine]: Processing [.html] -> phia_share.html
[!] File already indexed in oeneyeDB. Skipping.

[*] [OENEYE Master Engine]: Processing [.log] -> LEDGER_SYNC.LOG
[!] File already indexed in oeneyeDB. Skipping.

[*] [OENEYE Master Engine]: Processing [.fnt] -> OMQ.FNT
[!] File already indexed in oeneyeDB. Skipping.

[*] [OENEYE Master Engine]: Processing [.pyc] -> __init__.cpython-312.pyc
[!] File already indexed in oeneyeDB. Skipping.

[*] [OENEYE Master Engine]: Processing [.pyc] -> bridge_oeneye_chaosnet.cpython-312.pyc
[!] File already indexed in oeneyeDB. Skipping.

[*] [OENEYE Master Engine]: Processing [.pyc] -> chaosnet_codec.cpython-312.pyc
[!] File already indexed in oeneyeDB. Skipping.

[*] [OENEYE Master Engine]: Processing [.iso] -> oeneye.iso
[!] File already indexed in oeneyeDB. Skipping.

[*] [OENEYE Master Engine]: Processing [.pyc] -> decode_oeneye_chaosnet.cpython-312.pyc
[!] File already indexed in oeneyeDB. Skipping.

[*] [OENEYE Master Engine]: Processing [.pyc] -> emu_dos.cpython-312.pyc
[!] File already indexed in oeneyeDB. Skipping.

[*] [OENEYE Master Engine]: Processing [.json] -> 22845198.json
[!] File already indexed in oeneyeDB. Skipping.

[*] [OENEYE Master Engine]: Processing [.json] -> 22911730.json
[!] File already indexed in oeneyeDB. Skipping.

[*] [OENEYE Master Engine]: Processing [.pyc] -> filesystem.cpython-312.pyc
[!] File already indexed in oeneyeDB. Skipping.

[*] [OENEYE Master Engine]: Processing [.json] -> 22958760.json
[!] File already indexed in oeneyeDB. Skipping.

[*] [OENEYE Master Engine]: Processing [.pdf] -> test_oeneye.pdf
[!] File already indexed in oeneyeDB. Skipping.

[*] [OENEYE Master Engine]: Processing [.json] -> 22973669.json
[!] File already indexed in oeneyeDB. Skipping.

[*] [OENEYE Master Engine]: Processing [.json] -> 22983037.json
[!] File already indexed in oeneyeDB. Skipping.

[*] [OENEYE Master Engine]: Processing [.img] -> 86_dos_v0.1_original.img
[!] File already indexed in oeneyeDB. Skipping.

[*] [OENEYE Master Engine]: Processing [.bat] -> AUTOEXEC.BAT
[!] File already indexed in oeneyeDB. Skipping.

[*] [OENEYE Master Engine]: Processing [.img] -> DOSoeneyeNT.img
[!] File already indexed in oeneyeDB. Skipping.

[*] [OENEYE Master Engine]: Processing [.xdll] -> FILENAME_HERE
[!] File already indexed in oeneyeDB. Skipping.

[*] [OENEYE Master Engine]: Processing [.xdll] -> Mada Innovation Award
[!] File already indexed in oeneyeDB. Skipping.

[*] [OENEYE Master Engine]: Processing [.xdll] -> Makefile
[!] File already indexed in oeneyeDB. Skipping.

[*] [OENEYE Master Engine]: Processing [.img] -> NToeneyeDOS.img
[!] File already indexed in oeneyeDB. Skipping.

[*] [OENEYE Master Engine]: Processing [.doc] -> Notenspiegel.doc
[!] File already indexed in oeneyeDB. Skipping.

[*] [OENEYE Master Engine]: Processing [.md] -> OENEYE_EULA.md
[!] File already indexed in oeneyeDB. Skipping.

[*] [OENEYE Master Engine]: Processing [.ttf] -> OMQ.ttf
[!] File already indexed in oeneyeDB. Skipping.

[*] [OENEYE Master Engine]: Processing [.sha256] -> OMQ.ttf.sha256
[!] File already indexed in oeneyeDB. Skipping.

[*] [OENEYE Master Engine]: Processing [.bin] -> OQM_file.bin
[!] File already indexed in oeneyeDB. Skipping.

[*] [OENEYE Master Engine]: Processing [.m] -> OeneyeClock.m
[!] File already indexed in oeneyeDB. Skipping.

[*] [OENEYE Master Engine]: Processing [.png] -> Screenshot_20260727-150025.png
[!] File already indexed in oeneyeDB. Skipping.

[*] [OENEYE Master Engine]: Processing [.md] -> TODO.md
[!] File already indexed in oeneyeDB. Skipping.

[*] [OENEYE Master Engine]: Processing [.ximg] -> User1.ximg
[!] File already indexed in oeneyeDB. Skipping.

[*] [OENEYE Master Engine]: Processing [.xdll] -> VERSION_TARGET
[!] File already indexed in oeneyeDB. Skipping.

[*] [OENEYE Master Engine]: Processing [.html] -> ig_story.html
[!] File already indexed in oeneyeDB. Skipping.

[*] [OENEYE Master Engine]: Processing [.pyc] -> kernel.cpython-312.pyc
[!] File already indexed in oeneyeDB. Skipping.

[*] [OENEYE Master Engine]: Processing [.pyc] -> oeneye_hotspot.cpython-312.pyc
[!] File already indexed in oeneyeDB. Skipping.

[*] [OENEYE Master Engine]: Processing [.pyc] -> oeneye_master_init.cpython-312.pyc
[!] File already indexed in oeneyeDB. Skipping.

[*] [OENEYE Master Engine]: Processing [.pyc] -> oeneyeasm.cpython-312.pyc
[!] File already indexed in oeneyeDB. Skipping.

[*] [OENEYE Master Engine]: Processing [.pyc] -> sync_hub.cpython-313.pyc
[!] File already indexed in oeneyeDB. Skipping.

[*] [OENEYE Master Engine]: Processing [.zip] -> mosfetq-dos-gold-source.zip
[!] File already indexed in oeneyeDB. Skipping.

[*] [OENEYE Master Engine]: Processing [.md] -> README.md
[!] File already indexed in oeneyeDB. Skipping.

[*] [OENEYE Master Engine]: Processing [.tex] -> chapter_architecture.tex
[!] File already indexed in oeneyeDB. Skipping.

[*] [OENEYE Master Engine]: Processing [.bin] -> chkp_dump.bin
[!] File already indexed in oeneyeDB. Skipping.

[*] [OENEYE Master Engine]: Processing [.xdll] -> content
[!] File already indexed in oeneyeDB. Skipping.

[*] [OENEYE Master Engine]: Processing [.xml] -> datacite.xml
[!] File already indexed in oeneyeDB. Skipping.

[*] [OENEYE Master Engine]: Processing [.bin] -> delta_slice_0_off_000D.bin
[!] File already indexed in oeneyeDB. Skipping.

[*] [OENEYE Master Engine]: Processing [.bin] -> delta_slice_1_off_0130.bin
[!] File already indexed in oeneyeDB. Skipping.

[*] [OENEYE Master Engine]: Processing [.bin] -> delta_slice_2_off_0198.bin
[!] File already indexed in oeneyeDB. Skipping.

[*] [OENEYE Master Engine]: Processing [.bin] -> delta_slice_3_off_0200.bin
[!] File already indexed in oeneyeDB. Skipping.

[*] [OENEYE Master Engine]: Processing [.png] -> dnb_enhanced_highres.png
[!] File already indexed in oeneyeDB. Skipping.

[*] [OENEYE Master Engine]: Processing [.json] -> dos_filesystem_index.json
[!] File already indexed in oeneyeDB. Skipping.

[*] [OENEYE Master Engine]: Processing [.docx] -> draft_MOSFETQ.docx
[!] File already indexed in oeneyeDB. Skipping.

[*] [OENEYE Master Engine]: Processing [.bak] -> emu_dos.bak
[!] File already indexed in oeneyeDB. Skipping.

[*] [OENEYE Master Engine]: Processing [.png] -> extracted_test.png
[!] File already indexed in oeneyeDB. Skipping.

[*] [OENEYE Master Engine]: Processing [.ppm] -> extracted_test.ppm
[!] File already indexed in oeneyeDB. Skipping.

[*] [OENEYE Master Engine]: Processing [.img] -> fat12.img
[!] File already indexed in oeneyeDB. Skipping.

[*] [OENEYE Master Engine]: Processing [.json] -> invoice_pretty.json
[!] File already indexed in oeneyeDB. Skipping.

[*] [OENEYE Master Engine]: Processing [.md] -> invoice_receipt.md
[!] File already indexed in oeneyeDB. Skipping.

[*] [OENEYE Master Engine]: Processing [.png] -> loginbg.png
[!] File already indexed in oeneyeDB. Skipping.

[*] [OENEYE Master Engine]: Processing [.png] -> logo.png
[!] File already indexed in oeneyeDB. Skipping.

[*] [OENEYE Master Engine]: Processing [.bat] -> make_oeneye_refs.bat
[!] File already indexed in oeneyeDB. Skipping.

[*] [OENEYE Master Engine]: Processing [.tex] -> monograph.tex
[!] File already indexed in oeneyeDB. Skipping.

[*] [OENEYE Master Engine]: Processing [.img] -> mosfetq-dos (1).img
[!] File already indexed in oeneyeDB. Skipping.

[*] [OENEYE Master Engine]: Processing [.s] -> mosfetq-dos-0.6.s
[!] File already indexed in oeneyeDB. Skipping.

[*] [OENEYE Master Engine]: Processing [.img] -> mosfetq-dos-1200.img
[!] File already indexed in oeneyeDB. Skipping.

[*] [OENEYE Master Engine]: Processing [.img] -> mosfetq-dos-1440.img
[!] File already indexed in oeneyeDB. Skipping.

[*] [OENEYE Master Engine]: Processing [.img] -> mosfetq-dos-gold-1.0.0.0.1-3.5in-1.44M.img
[!] File already indexed in oeneyeDB. Skipping.

[*] [OENEYE Master Engine]: Processing [.ximg] -> mosfetq-dos-gold-1.0.0.0.1-5.25in-1.2M.ximg
[!] File already indexed in oeneyeDB. Skipping.

[*] [OENEYE Master Engine]: Processing [.img] -> mosfetq-dos-nt-oeneye.img
[!] File already indexed in oeneyeDB. Skipping.

[*] [OENEYE Master Engine]: Processing [.s] -> mosfetq-dos.s
[!] File already indexed in oeneyeDB. Skipping.

[*] [OENEYE Master Engine]: Processing [.bin] -> mosfetq.bin
[!] File already indexed in oeneyeDB. Skipping.

[*] [OENEYE Master Engine]: Processing [.img] -> mosfetq.img
[!] File already indexed in oeneyeDB. Skipping.

[*] [OENEYE Master Engine]: Processing [.img] -> oeneye-compiled.img
[!] File already indexed in oeneyeDB. Skipping.

[*] [OENEYE Master Engine]: Processing [.sty] -> oeneye-font.sty
[!] File already indexed in oeneyeDB. Skipping.

[*] [OENEYE Master Engine]: Processing [.img] -> oeneye-mosfetq-exfat.img
[!] File already indexed in oeneyeDB. Skipping.

[*] [OENEYE Master Engine]: Processing [.img] -> oeneye-mosfetq-fat12.img
[!] File already indexed in oeneyeDB. Skipping.

[*] [OENEYE Master Engine]: Processing [.img] -> oeneye-mosfetq-fat16.img
[!] File already indexed in oeneyeDB. Skipping.

[*] [OENEYE Master Engine]: Processing [.img] -> oeneye-refs-downloaded.img
[!] File already indexed in oeneyeDB. Skipping.

[*] [OENEYE Master Engine]: Processing [.vhdx] -> oeneye-refs-new.vhdx
[!] File already indexed in oeneyeDB. Skipping.

[*] [OENEYE Master Engine]: Processing [.img] -> oeneye-refs-vhd.img
[!] File already indexed in oeneyeDB. Skipping.

[*] [OENEYE Master Engine]: Processing [.vhd] -> oeneye-refs.vhd
[!] File already indexed in oeneyeDB. Skipping.

[*] [OENEYE Master Engine]: Processing [.img] -> oeneye-sufficient-v2.img
[!] File already indexed in oeneyeDB. Skipping.

[*] [OENEYE Master Engine]: Processing [.img] -> oeneye.img
[!] File already indexed in oeneyeDB. Skipping.

[*] [OENEYE Master Engine]: Processing [.rc] -> oeneye.rc
[!] File already indexed in oeneyeDB. Skipping.

[*] [OENEYE Master Engine]: Processing [.xdll] -> oeneyeVNC
[!] File already indexed in oeneyeDB. Skipping.

[*] [OENEYE Master Engine]: Processing [.json] -> oeneye_dual_channel_ledger.json
[!] File already indexed in oeneyeDB. Skipping.

[*] [OENEYE Master Engine]: Processing [.html] -> oeneye_ecosystem_stream.html
[!] File already indexed in oeneyeDB. Skipping.

[*] [OENEYE Master Engine]: Processing [.json] -> oeneye_mainframe_declaration.json
[!] File already indexed in oeneyeDB. Skipping.

[*] [OENEYE Master Engine]: Processing [.tex] -> oeneye_monograph.tex
[!] File already indexed in oeneyeDB. Skipping.

[*] [OENEYE Master Engine]: Processing [.html] -> oeneye_movie_full.html
[!] File already indexed in oeneyeDB. Skipping.

[*] [OENEYE Master Engine]: Processing [.xdll] -> kernel
[!] File already indexed in oeneyeDB. Skipping.

[*] [OENEYE Master Engine]: Processing [.tex] -> rc_v04_specification.tex
[!] File already indexed in oeneyeDB. Skipping.

[*] [OENEYE Master Engine]: Processing [.vhdx] -> refs-oeneye.vhdx
[!] File already indexed in oeneyeDB. Skipping.

[*] [OENEYE Master Engine]: Processing [.bin] -> test.bin
[!] File already indexed in oeneyeDB. Skipping.

[*] [OENEYE Master Engine]: Processing [.com] -> test.com
[!] File already indexed in oeneyeDB. Skipping.

[*] [OENEYE Master Engine]: Processing [.ppm] -> test.ppm
[!] File already indexed in oeneyeDB. Skipping.

[*] [OENEYE Master Engine]: Processing [.profile] -> texlive.profile
[!] File already indexed in oeneyeDB. Skipping.

[*] [OENEYE Master Engine]: Processing [.zip] -> mosfetq-dos-0.3-source.zip
[!] File already indexed in oeneyeDB. Skipping.

[*] [OENEYE Master Engine]: Processing [.zip] -> mosfetq-dos-0.4-gold-rc.zip
[!] File already indexed in oeneyeDB. Skipping.

[*] [OENEYE Master Engine]: Processing [.zip] -> mosfetq-dos-0.4-rc1.zip
[!] File already indexed in oeneyeDB. Skipping.

[*] [OENEYE Master Engine]: Processing [.html] -> truth_post.html
[!] File already indexed in oeneyeDB. Skipping.

[*] [OENEYE Master Engine]: Processing [.zip] -> mosfetq-dos-gold-1.0.0.0.1-source.zip
[!] File already indexed in oeneyeDB. Skipping.

[*] [OENEYE Master Engine]: Processing [.html] -> viewer.html
[!] File already indexed in oeneyeDB. Skipping.

[*] [OENEYE Master Engine]: Processing [.zip] -> mosfetq-dos-nt-oeneye.zip
[!] File already indexed in oeneyeDB. Skipping.

[*] [OENEYE Master Engine]: Processing [.img] -> mosfetq-dos.img
[!] File already indexed in oeneyeDB. Skipping.

[*] [OENEYE Master Engine]: Processing [.pdf] -> Executive_Summary_Radius0.pdf
[!] File already indexed in oeneyeDB. Skipping.

[*] [OENEYE Master Engine]: Processing [.pdf] -> Minus_G_Vortex_Research_Synthesis.pdf
[!] File already indexed in oeneyeDB. Skipping.

[*] [OENEYE Master Engine]: Processing [.pdf] -> OENEYE_EULA (1).pdf
[!] File already indexed in oeneyeDB. Skipping.

[*] [OENEYE Master Engine]: Processing [.pdf] -> OENEYE_EULA (2).pdf
[!] File already indexed in oeneyeDB. Skipping.

[*] [OENEYE Master Engine]: Processing [.zip] -> oeneye-artwork-fat-bundle-v1.zip
[!] File already indexed in oeneyeDB. Skipping.

[*] [OENEYE Master Engine]: Processing [.pdf] -> OENEYE_EULA.pdf
[!] File already indexed in oeneyeDB. Skipping.

[*] [OENEYE Master Engine]: Processing [.log] -> OMQ.log
[!] File already indexed in oeneyeDB. Skipping.

[*] [OENEYE Master Engine]: Processing [.pdf] -> Obsidian_Brain_Mainframe_Declaration.pdf
[!] File already indexed in oeneyeDB. Skipping.

[*] [OENEYE Master Engine]: Processing [.pdf] -> PGCertQts-1.pdf
[!] File already indexed in oeneyeDB. Skipping.

[*] [OENEYE Master Engine]: Processing [.pdf] -> dnb_record.pdf
[!] File already indexed in oeneyeDB. Skipping.

[*] [OENEYE Master Engine]: Processing [.zip] -> oeneye-artwork-master-v1.1.zip
[!] File already indexed in oeneyeDB. Skipping.

[*] [OENEYE Master Engine]: Processing [.pdf] -> Radius0_Labyrinth_Manifest.pdf
[!] File already indexed in oeneyeDB. Skipping.

[*] [OENEYE Master Engine]: Processing [.zip] -> oeneye-artwork-refs-locked-bundle-v1.zip
[!] File already indexed in oeneyeDB. Skipping.

[*] [OENEYE Master Engine]: Processing [.zip] -> oeneye-distro-logo.zip
[!] File already indexed in oeneyeDB. Skipping.

[*] [OENEYE Master Engine]: Processing [.pdf] -> Radius0_FTP_Presentation_Deck.pdf
[!] File already indexed in oeneyeDB. Skipping.

[*] [OENEYE Master Engine]: Processing [.pdf] -> Radius0_Final_Fulfillment_Summary.pdf
[!] File already indexed in oeneyeDB. Skipping.

[*] [OENEYE Master Engine]: Processing [.html] -> index.html
[!] File already indexed in oeneyeDB. Skipping.

[*] [OENEYE Master Engine]: Processing [.db] -> invoice_database.db
[!] File already indexed in oeneyeDB. Skipping.

[*] [OENEYE Master Engine]: Processing [.xdll] -> ler
[!] File already indexed in oeneyeDB. Skipping.

[*] [OENEYE Master Engine]: Processing [.html] -> maga_post.html
[!] File already indexed in oeneyeDB. Skipping.

[*] [OENEYE Master Engine]: Processing [.json] -> metadata.json
[!] File already indexed in oeneyeDB. Skipping.

[*] [OENEYE Master Engine]: Processing [.img] -> mosfetq-dos-gold.img
[!] File already indexed in oeneyeDB. Skipping.

[*] [OENEYE Master Engine]: Processing [.s] -> mosfetq.s
[!] File already indexed in oeneyeDB. Skipping.

[*] [OENEYE Master Engine]: Processing [.img] -> oeneye-00x00.img
[!] File already indexed in oeneyeDB. Skipping.

[*] [OENEYE Master Engine]: Processing [.img] -> oeneye-bootstrap-bootable.img
[!] File already indexed in oeneyeDB. Skipping.

[*] [OENEYE Master Engine]: Processing [.img] -> oeneye-bootstrap.img
[!] File already indexed in oeneyeDB. Skipping.

[*] [OENEYE Master Engine]: Processing [.img] -> oeneye-ext4.img
[!] File already indexed in oeneyeDB. Skipping.

[*] [OENEYE Master Engine]: Processing [.img] -> oeneye-mosfetq-fat32.img
[!] File already indexed in oeneyeDB. Skipping.

[*] [OENEYE Master Engine]: Processing [.img] -> oeneye-ntfs.img
[!] File already indexed in oeneyeDB. Skipping.

[*] [OENEYE Master Engine]: Processing [.img] -> oeneye-phone.img
[!] File already indexed in oeneyeDB. Skipping.

[*] [OENEYE Master Engine]: Processing [.img] -> oeneye-refs-vhd-converted.img
[!] File already indexed in oeneyeDB. Skipping.

[*] [OENEYE Master Engine]: Processing [.vhdx] -> oeneye-refs.vhdx
[!] File already indexed in oeneyeDB. Skipping.

[*] [OENEYE Master Engine]: Processing [.img] -> oeneye-upscaled-32m.img
[!] File already indexed in oeneyeDB. Skipping.

[*] [OENEYE Master Engine]: Processing [.ximg] -> oeneyeTESTfont.ximg
[!] File already indexed in oeneyeDB. Skipping.

[*] [OENEYE Master Engine]: Processing [.save] -> oeneye_align.py.save
[!] File already indexed in oeneyeDB. Skipping.

[*] [OENEYE Master Engine]: Processing [.json] -> oeneye_invoices_codex.json
[!] File already indexed in oeneyeDB. Skipping.

[*] [OENEYE Master Engine]: Processing [.json] -> oeneye_label.json
[!] File already indexed in oeneyeDB. Skipping.

[*] [OENEYE Master Engine]: Processing [.html] -> oeneye_movie.html
[!] File already indexed in oeneyeDB. Skipping.

[*] [OENEYE Master Engine]: Processing [.png] -> oeneye_s.png
[!] File already indexed in oeneyeDB. Skipping.

[*] [OENEYE Master Engine]: Processing [.json] -> oeneye_zenodo_payload.json
[!] File already indexed in oeneyeDB. Skipping.

[*] [OENEYE Master Engine]: Processing [.xdll] -> oeneyepdf
[!] File already indexed in oeneyeDB. Skipping.

[*] [OENEYE Master Engine]: Processing [.c] -> oeneyepdf.c
[!] File already indexed in oeneyeDB. Skipping.

[*] [OENEYE Master Engine]: Processing [.pdf (2)] -> omq_vector_as_8x16.pdf (2)
[!] File already indexed in oeneyeDB. Skipping.

[*] [OENEYE Master Engine]: Processing [.pdf (3)] -> omq_vector_as_8x16.pdf (3)
[!] File already indexed in oeneyeDB. Skipping.

[*] [OENEYE Master Engine]: Processing [.json] -> record.json
[!] File already indexed in oeneyeDB. Skipping.

[*] [OENEYE Master Engine]: Processing [.zip] -> mosfetq-dos-0.5-source.zip
[!] File already indexed in oeneyeDB. Skipping.

[*] [OENEYE Master Engine]: Processing [.zip] -> mosfetq-dos-0.6-source.zip
[!] File already indexed in oeneyeDB. Skipping.

[*] [OENEYE Master Engine]: Processing [.bin] -> supb_dump.bin
[!] File already indexed in oeneyeDB. Skipping.

[*] [OENEYE Master Engine]: Processing [.xdll] -> tall texlive-installer
[!] File already indexed in oeneyeDB. Skipping.

[*] [OENEYE Master Engine]: Processing [.c] -> target_asset.c
[!] File already indexed in oeneyeDB. Skipping.

[*] [OENEYE Master Engine]: Processing [.png] -> test.png
[!] File already indexed in oeneyeDB. Skipping.

[*] [OENEYE Master Engine]: Processing [.tex] -> test_oeneye.tex
[!] File already indexed in oeneyeDB. Skipping.

[*] [OENEYE Master Engine]: Processing [.zip] -> oeneye-5.0-gecko.zip
[!] File already indexed in oeneyeDB. Skipping.

[*] [OENEYE Master Engine]: Processing [.html] -> trump_profile.html
[!] File already indexed in oeneyeDB. Skipping.

[*] [OENEYE Master Engine]: Processing [.zip] -> oeneye-pack.zip
[!] File already indexed in oeneyeDB. Skipping.

[*] [OENEYE Master Engine]: Processing [.pdf] -> 1.pdf
[!] File already indexed in oeneyeDB. Skipping.

[*] [OENEYE Master Engine]: Processing [.zip] -> oeneye-refs-placeholder.zip
[!] File already indexed in oeneyeDB. Skipping.

[*] [OENEYE Master Engine]: Processing [.pdf] -> FAT77_Kernel_Architecture.pdf
[!] File already indexed in oeneyeDB. Skipping.

[*] [OENEYE Master Engine]: Processing [.pdf] -> Fibonacci_Magnetism_Manifold.pdf
[!] File already indexed in oeneyeDB. Skipping.

[*] [OENEYE Master Engine]: Processing [.zip] -> oeneyeCURL.zip
[!] File already indexed in oeneyeDB. Skipping.

[*] [OENEYE Master Engine]: Processing [.zip] -> oeneyeMOSFETQfont.zip
[!] File already indexed in oeneyeDB. Skipping.

[*] [OENEYE Master Engine]: Processing [.pdf] -> Radius0_Fulcrum_Coupling.pdf
[!] File already indexed in oeneyeDB. Skipping.

[*] [OENEYE Master Engine]: Processing [.pdf] -> Radius0_StandardModel_Fulfillment.pdf
[!] File already indexed in oeneyeDB. Skipping.

[*] [OENEYE Master Engine]: Processing [.pdf] -> Radius_0_Invariance_Postulate.pdf
[!] File already indexed in oeneyeDB. Skipping.

[*] [OENEYE Master Engine]: Processing [.pdf] -> Radius_0_Variance_Theory.pdf
[!] File already indexed in oeneyeDB. Skipping.

[*] [OENEYE Master Engine]: Processing [.pdf] -> STARv3_Stabilizer_Protocol.pdf
[!] File already indexed in oeneyeDB. Skipping.

[*] [OENEYE Master Engine]: Processing [.pdf] -> Unified Master Framework oeneye and Inertia Probability (1).pdf
[!] File already indexed in oeneyeDB. Skipping.

[*] [OENEYE Master Engine]: Processing [.pdf] -> Unified_Radius_0_Theory.pdf
[!] File already indexed in oeneyeDB. Skipping.

[*] [OENEYE Master Engine]: Processing [.log] -> chapter_architecture.log
[!] File already indexed in oeneyeDB. Skipping.

[*] [OENEYE Master Engine]: Processing [.pdf] -> cnnn_manifold_report.pdf
[!] File already indexed in oeneyeDB. Skipping.

[*] [OENEYE Master Engine]: Processing [.pdf] -> dnb_publication.pdf
[!] File already indexed in oeneyeDB. Skipping.

[*] [OENEYE Master Engine]: Processing [.pdf] -> draft_MOSFETQ.pdf
[!] File already indexed in oeneyeDB. Skipping.

[*] [OENEYE Master Engine]: Processing [.zip] -> oeneye-ntfs.zip
[!] File already indexed in oeneyeDB. Skipping.

[*] [OENEYE Master Engine]: Processing [.zip] -> oeneye-wg-server.zip
[!] File already indexed in oeneyeDB. Skipping.

[*] [OENEYE Master Engine]: Processing [.zip] -> oeneye-xima.zip
[!] File already indexed in oeneyeDB. Skipping.

[*] [OENEYE Master Engine]: Processing [.pdf] -> compiling_nasa_nastran.pdf
[!] File already indexed in oeneyeDB. Skipping.

[*] [OENEYE Master Engine]: Processing [.pdf] -> dyscalculia_clinical_protocol_v2.pdf
[!] File already indexed in oeneyeDB. Skipping.

[*] [OENEYE Master Engine]: Processing [.pdf] -> fraktur_infinity.pdf
[!] File already indexed in oeneyeDB. Skipping.

[*] [OENEYE Master Engine]: Processing [.pdf] -> fraktur_infinity_final_synthesis.pdf
[!] File already indexed in oeneyeDB. Skipping.

[*] [OENEYE Master Engine]: Processing [.pdf] -> gemini_deletion_incident.pdf
[!] File already indexed in oeneyeDB. Skipping.

[*] [OENEYE Master Engine]: Processing [.zip] -> oeneyephraser-firefoxos.zip
[!] File already indexed in oeneyeDB. Skipping.

[*] [OENEYE Master Engine]: Processing [.log] -> manifold_verification.log
[!] File already indexed in oeneyeDB. Skipping.

[*] [OENEYE Master Engine]: Processing [.pdf] -> oeneye_sdk_readme.pdf
[!] File already indexed in oeneyeDB. Skipping.

[*] [OENEYE Master Engine]: Processing [.gz] -> oeneye_workspace_backup.tar.gz
[!] File already indexed in oeneyeDB. Skipping.

[*] [OENEYE Master Engine]: Processing [.html] -> ig_post.html
[!] File already indexed in oeneyeDB. Skipping.

[*] [OENEYE Master Engine]: Processing [.pdf] -> 2she0y.pdf
[!] File already indexed in oeneyeDB. Skipping.

[*] [OENEYE Master Engine]: Processing [.bin] -> bird_loader_lba2.bin
[!] File already indexed in oeneyeDB. Skipping.

[*] [OENEYE Master Engine]: Processing [.gz] -> oeneyeos_v0.2_archive.tar.gz
[!] File already indexed in oeneyeDB. Skipping.

[*] [OENEYE Master Engine]: Processing [.pdf] -> oeneyepdf-test.pdf
[!] File already indexed in oeneyeDB. Skipping.

[*] [OENEYE Master Engine]: Processing [.pdf] -> oeneyesdk_lfn_erratum.pdf
[!] File already indexed in oeneyeDB. Skipping.

[*] [OENEYE Master Engine]: Processing [.pdf] -> patient_action_protocol.pdf
[!] File already indexed in oeneyeDB. Skipping.

[*] [OENEYE Master Engine]: Processing [.pdf] -> quantumthermostatic_3month_plan.pdf
[!] File already indexed in oeneyeDB. Skipping.

[*] [OENEYE Master Engine]: Processing [.pdf] -> quantumthermostatic_invention_profile.pdf
[!] File already indexed in oeneyeDB. Skipping.

[*] [OENEYE Master Engine]: Processing [.aux] -> test_oeneye.aux
[!] File already indexed in oeneyeDB. Skipping.

[*] [OENEYE Master Engine]: Processing [.json] -> oeneyeAuth_context.json
[!] File already indexed in oeneyeDB. Skipping.

[*] [OENEYE Master Engine]: Processing [.html] -> share.html
[!] File already indexed in oeneyeDB. Skipping.

[*] [OENEYE Master Engine]: Processing [.grammar] -> oeneyeToken.grammar
[!] File already indexed in oeneyeDB. Skipping.

[*] [OENEYE Master Engine]: Processing [.toml] -> Cargo.toml
[!] File already indexed in oeneyeDB. Skipping.

[*] [OENEYE Master Engine]: Processing [.html] -> bing_search.html
[!] File already indexed in oeneyeDB. Skipping.

[*] [OENEYE Master Engine]: Processing [.zip] -> oeneyec-test-tree.zip
[!] File already indexed in oeneyeDB. Skipping.

[*] [OENEYE Master Engine]: Processing [.pdf] -> mada_submission_summary.pdf
[!] File already indexed in oeneyeDB. Skipping.

[*] [OENEYE Master Engine]: Processing [.log] -> missfont.log
[!] File already indexed in oeneyeDB. Skipping.

[*] [OENEYE Master Engine]: Processing [.aux] -> monograph.aux
[!] File already indexed in oeneyeDB. Skipping.

[*] [OENEYE Master Engine]: Processing [.log] -> monograph.log
[!] File already indexed in oeneyeDB. Skipping.

[*] [OENEYE Master Engine]: Processing [.pdf] -> monograph.pdf
[!] File already indexed in oeneyeDB. Skipping.

[*] [OENEYE Master Engine]: Processing [.pdf] -> nbn_resource.pdf
[!] File already indexed in oeneyeDB. Skipping.

[*] [OENEYE Master Engine]: Processing [.gz] -> oeneye_asset_omq.tar.gz
[!] File already indexed in oeneyeDB. Skipping.

[*] [OENEYE Master Engine]: Processing [.log] -> oeneye_audit.log
[!] File already indexed in oeneyeDB. Skipping.

[*] [OENEYE Master Engine]: Processing [.log] -> oeneye_kernel_runtime.log
[!] File already indexed in oeneyeDB. Skipping.

[*] [OENEYE Master Engine]: Processing [.pdf] -> oeneye_nested_scope.pdf
[!] File already indexed in oeneyeDB. Skipping.

[*] [OENEYE Master Engine]: Processing [.html] -> fb_post.html
[!] File already indexed in oeneyeDB. Skipping.

[*] [OENEYE Master Engine]: Processing [.pdf] -> rheinmetall_cv.pdf
[!] File already indexed in oeneyeDB. Skipping.

[*] [OENEYE Master Engine]: Processing [.pdf] -> summary.pdf
[!] File already indexed in oeneyeDB. Skipping.

[*] [OENEYE Master Engine]: Processing [.pdf] -> trex_bribery_app.pdf
[!] File already indexed in oeneyeDB. Skipping.

[*] [OENEYE Master Engine]: Processing [.zip] -> mosfetq-dos-hello-sample-v2-with-bird-lash.zip
[!] File already indexed in oeneyeDB. Skipping.

[*] [OENEYE Master Engine]: Processing [.asm] -> boot_bird_lash_patch.asm
[!] File already indexed in oeneyeDB. Skipping.

[*] [OENEYE Master Engine]: Processing [.sha256] -> combined_checksums.sha256
[!] File already indexed in oeneyeDB. Skipping.

[*] [OENEYE Master Engine]: Processing [.log] -> gh-diagnostic.log
[!] File already indexed in oeneyeDB. Skipping.

[*] [OENEYE Master Engine]: Processing [.gz] -> oeneye-chat.tar.gz
[!] File already indexed in oeneyeDB. Skipping.

[*] [OENEYE Master Engine]: Processing [.sha256] -> share.html.sha256
[!] File already indexed in oeneyeDB. Skipping.

[*] [OENEYE Master Engine]: Processing [.gz] -> oeneyeAuth_context.tar.gz
[!] File already indexed in oeneyeDB. Skipping.

[*] [OENEYE Master Engine]: Processing [.pdf] -> Radius_0_Invariance_Postulate-1.pdf
[!] File already indexed in oeneyeDB. Skipping.

[*] [OENEYE Master Engine]: Processing [.pdf] -> Unified_Radius0_Manifold_Tier.pdf
[!] File already indexed in oeneyeDB. Skipping.

[*] [OENEYE Master Engine]: Processing [.aux] -> chapter_architecture.aux
[!] File already indexed in oeneyeDB. Skipping.

[*] [OENEYE Master Engine]: Processing [.pdf] -> chapter_architecture.pdf
[!] File already indexed in oeneyeDB. Skipping.

[*] [OENEYE Master Engine]: Processing [.zip] -> oeneye-telemetry.zip
[!] File already indexed in oeneyeDB. Skipping.

[*] [OENEYE Master Engine]: Processing [.pdf] -> fraktur_infinity_lemniscate.pdf
[!] File already indexed in oeneyeDB. Skipping.

[*] [OENEYE Master Engine]: Processing [.pdf] -> fraktur_infinity_symbol.pdf
[!] File already indexed in oeneyeDB. Skipping.

[*] [OENEYE Master Engine]: Processing [.pdf] -> manifold_maga_report.pdf
[!] File already indexed in oeneyeDB. Skipping.

[*] [OENEYE Master Engine]: Processing [.log] -> oeneye_daemon.log
[+] Successfully indexed oeneye_daemon.log as [.log] into oeneyeDB.

[*] [OENEYE Master Engine]: Processing [.log] -> oeneye_rack.log
[!] File already indexed in oeneyeDB. Skipping.

[*] [OENEYE Master Engine]: Processing [.gz] -> oeneye_release_v1.0.tar.gz
[!] File already indexed in oeneyeDB. Skipping.

[*] [OENEYE Master Engine]: Processing [.zip] -> mosfetq-dos-hello-sample.zip
[!] File already indexed in oeneyeDB. Skipping.

[*] [OENEYE Master Engine]: Processing [.pdf] -> omq_vector_as_8x16.pdf
[!] File already indexed in oeneyeDB. Skipping.

[*] [OENEYE Master Engine]: Processing [.sha256] -> checksums.sha256
[!] File already indexed in oeneyeDB. Skipping.

[*] [OENEYE Master Engine]: Processing [.html] -> auth_response.html
[!] File already indexed in oeneyeDB. Skipping.

[*] [OENEYE Master Engine]: Processing [.log] -> test_oeneye.log
[!] File already indexed in oeneyeDB. Skipping.

[*] [OENEYE Master Engine]: Processing [.sha256] -> auth_response.html.sha256
[!] File already indexed in oeneyeDB. Skipping.

[*] [OENEYE Master Engine]: Processing [.html] -> ximg_response.html
[!] File already indexed in oeneyeDB. Skipping.

[*] [OENEYE Master Engine]: Processing [.sha256] -> ximg_response.html.sha256
[!] File already indexed in oeneyeDB. Skipping.

[*] [OENEYE Master Engine]: Processing [.json] -> perplexity_response.json
[!] File already indexed in oeneyeDB. Skipping.

[*] [OENEYE Master Engine]: Processing [.sha256] -> manifest.sha256
[!] File already indexed in oeneyeDB. Skipping.

[*] [OENEYE Master Engine]: Processing [.log] -> oeneye_deployment_audit.log
[!] File already indexed in oeneyeDB. Skipping.

[*] [OENEYE Master Engine]: Processing [.md5] -> checksums.md5
[!] File already indexed in oeneyeDB. Skipping.

[*] [OENEYE Master Engine]: Processing [.pdf] -> trump_beneficiaro_profile.pdf
[!] File already indexed in oeneyeDB. Skipping.

[*] [OENEYE Master Engine]: Processing [.png] -> BIRD_1024_white.png
[!] File already indexed in oeneyeDB. Skipping.

[*] [OENEYE Master Engine]: Processing [.webp] -> BIRD_Laifsmitch_1024.webp
[!] File already indexed in oeneyeDB. Skipping.

[*] [OENEYE Master Engine]: Processing [.img] -> hello_bird_lba2.img
[!] File already indexed in oeneyeDB. Skipping.

[*] [OENEYE Master Engine]: Processing [.pdf] -> test.pdf
[!] File already indexed in oeneyeDB. Skipping.

[*] [OENEYE Master Engine]: Processing [.xdll] -> earch 7z
[!] File already indexed in oeneyeDB. Skipping.

[*] [OENEYE Master Engine]: Processing [.sha256] -> oeneyeAuth_context.json.sha256
[!] File already indexed in oeneyeDB. Skipping.

[*] [OENEYE Master Engine]: Processing [.sha256] -> oeneyeAuth_context.tar.gz.sha256
[!] File already indexed in oeneyeDB. Skipping.

[*] [OENEYE Master Engine]: Processing [.xdll] -> oeneyeToken
[!] File already indexed in oeneyeDB. Skipping.

[*] [OENEYE Master Engine]: Processing [.lock] -> Cargo.lock
[!] File already indexed in oeneyeDB. Skipping.

[*] [OENEYE Master Engine]: Processing [.html] -> phia_page.html
[!] File already indexed in oeneyeDB. Skipping.

[*] [OENEYE Master Engine]: Processing [.html] -> phia_share.html
[!] File already indexed in oeneyeDB. Skipping.

[*] [OENEYE Master Engine]: Processing [.log] -> LEDGER_SYNC.LOG
[!] File already indexed in oeneyeDB. Skipping.

[*] [OENEYE Master Engine]: Processing [.fnt] -> OMQ.FNT
[!] File already indexed in oeneyeDB. Skipping.

[*] [OENEYE Master Engine]: Processing [.pyc] -> __init__.cpython-312.pyc
[!] File already indexed in oeneyeDB. Skipping.

[*] [OENEYE Master Engine]: Processing [.pyc] -> bridge_oeneye_chaosnet.cpython-312.pyc
[!] File already indexed in oeneyeDB. Skipping.

[*] [OENEYE Master Engine]: Processing [.pyc] -> chaosnet_codec.cpython-312.pyc
[!] File already indexed in oeneyeDB. Skipping.

[*] [OENEYE Master Engine]: Processing [.iso] -> oeneye.iso
[!] File already indexed in oeneyeDB. Skipping.

[*] [OENEYE Master Engine]: Processing [.pyc] -> decode_oeneye_chaosnet.cpython-312.pyc
[!] File already indexed in oeneyeDB. Skipping.

[*] [OENEYE Master Engine]: Processing [.pyc] -> emu_dos.cpython-312.pyc
[!] File already indexed in oeneyeDB. Skipping.

[*] [OENEYE Master Engine]: Processing [.json] -> 22845198.json
[!] File already indexed in oeneyeDB. Skipping.

[*] [OENEYE Master Engine]: Processing [.json] -> 22911730.json
[!] File already indexed in oeneyeDB. Skipping.

[*] [OENEYE Master Engine]: Processing [.pyc] -> filesystem.cpython-312.pyc
[!] File already indexed in oeneyeDB. Skipping.

[*] [OENEYE Master Engine]: Processing [.json] -> 22958760.json
[!] File already indexed in oeneyeDB. Skipping.

[*] [OENEYE Master Engine]: Processing [.pdf] -> test_oeneye.pdf
[!] File already indexed in oeneyeDB. Skipping.

[*] [OENEYE Master Engine]: Processing [.json] -> 22973669.json
[!] File already indexed in oeneyeDB. Skipping.

[*] [OENEYE Master Engine]: Processing [.json] -> 22983037.json
[!] File already indexed in oeneyeDB. Skipping.

[*] [OENEYE Master Engine]: Processing [.img] -> 86_dos_v0.1_original.img
[!] File already indexed in oeneyeDB. Skipping.

[*] [OENEYE Master Engine]: Processing [.bat] -> AUTOEXEC.BAT
[!] File already indexed in oeneyeDB. Skipping.

[*] [OENEYE Master Engine]: Processing [.img] -> DOSoeneyeNT.img
[!] File already indexed in oeneyeDB. Skipping.

[*] [OENEYE Master Engine]: Processing [.xdll] -> FILENAME_HERE
[!] File already indexed in oeneyeDB. Skipping.

[*] [OENEYE Master Engine]: Processing [.xdll] -> Mada Innovation Award
[!] File already indexed in oeneyeDB. Skipping.

[*] [OENEYE Master Engine]: Processing [.xdll] -> Makefile
[!] File already indexed in oeneyeDB. Skipping.

[*] [OENEYE Master Engine]: Processing [.img] -> NToeneyeDOS.img
[!] File already indexed in oeneyeDB. Skipping.

[*] [OENEYE Master Engine]: Processing [.doc] -> Notenspiegel.doc
[!] File already indexed in oeneyeDB. Skipping.

[*] [OENEYE Master Engine]: Processing [.md] -> OENEYE_EULA.md
[!] File already indexed in oeneyeDB. Skipping.

[*] [OENEYE Master Engine]: Processing [.ttf] -> OMQ.ttf
[!] File already indexed in oeneyeDB. Skipping.

[*] [OENEYE Master Engine]: Processing [.sha256] -> OMQ.ttf.sha256
[!] File already indexed in oeneyeDB. Skipping.

[*] [OENEYE Master Engine]: Processing [.bin] -> OQM_file.bin
[!] File already indexed in oeneyeDB. Skipping.

[*] [OENEYE Master Engine]: Processing [.m] -> OeneyeClock.m
[!] File already indexed in oeneyeDB. Skipping.

[*] [OENEYE Master Engine]: Processing [.png] -> Screenshot_20260727-150025.png
[!] File already indexed in oeneyeDB. Skipping.

[*] [OENEYE Master Engine]: Processing [.md] -> TODO.md
[!] File already indexed in oeneyeDB. Skipping.

[*] [OENEYE Master Engine]: Processing [.ximg] -> User1.ximg
[!] File already indexed in oeneyeDB. Skipping.

[*] [OENEYE Master Engine]: Processing [.xdll] -> VERSION_TARGET
[!] File already indexed in oeneyeDB. Skipping.

[*] [OENEYE Master Engine]: Processing [.html] -> ig_story.html
[!] File already indexed in oeneyeDB. Skipping.

[*] [OENEYE Master Engine]: Processing [.pyc] -> kernel.cpython-312.pyc
[!] File already indexed in oeneyeDB. Skipping.

[*] [OENEYE Master Engine]: Processing [.pyc] -> oeneye_hotspot.cpython-312.pyc
[!] File already indexed in oeneyeDB. Skipping.

[*] [OENEYE Master Engine]: Processing [.pyc] -> oeneye_master_init.cpython-312.pyc
[!] File already indexed in oeneyeDB. Skipping.

[*] [OENEYE Master Engine]: Processing [.pyc] -> oeneyeasm.cpython-312.pyc
[!] File already indexed in oeneyeDB. Skipping.

[*] [OENEYE Master Engine]: Processing [.pyc] -> sync_hub.cpython-313.pyc
[!] File already indexed in oeneyeDB. Skipping.

[*] [OENEYE Master Engine]: Processing [.zip] -> mosfetq-dos-gold-source.zip
[!] File already indexed in oeneyeDB. Skipping.

[*] [OENEYE Master Engine]: Processing [.md] -> README.md
[!] File already indexed in oeneyeDB. Skipping.

[*] [OENEYE Master Engine]: Processing [.tex] -> chapter_architecture.tex
[!] File already indexed in oeneyeDB. Skipping.

[*] [OENEYE Master Engine]: Processing [.bin] -> chkp_dump.bin
[!] File already indexed in oeneyeDB. Skipping.

[*] [OENEYE Master Engine]: Processing [.xdll] -> content
[!] File already indexed in oeneyeDB. Skipping.

[*] [OENEYE Master Engine]: Processing [.xml] -> datacite.xml
[!] File already indexed in oeneyeDB. Skipping.

[*] [OENEYE Master Engine]: Processing [.bin] -> delta_slice_0_off_000D.bin
[!] File already indexed in oeneyeDB. Skipping.

[*] [OENEYE Master Engine]: Processing [.bin] -> delta_slice_1_off_0130.bin
[!] File already indexed in oeneyeDB. Skipping.

[*] [OENEYE Master Engine]: Processing [.bin] -> delta_slice_2_off_0198.bin
[!] File already indexed in oeneyeDB. Skipping.

[*] [OENEYE Master Engine]: Processing [.bin] -> delta_slice_3_off_0200.bin
[!] File already indexed in oeneyeDB. Skipping.

[*] [OENEYE Master Engine]: Processing [.png] -> dnb_enhanced_highres.png
[!] File already indexed in oeneyeDB. Skipping.

[*] [OENEYE Master Engine]: Processing [.json] -> dos_filesystem_index.json
[!] File already indexed in oeneyeDB. Skipping.

[*] [OENEYE Master Engine]: Processing [.docx] -> draft_MOSFETQ.docx
[!] File already indexed in oeneyeDB. Skipping.

[*] [OENEYE Master Engine]: Processing [.bak] -> emu_dos.bak
[!] File already indexed in oeneyeDB. Skipping.

[*] [OENEYE Master Engine]: Processing [.png] -> extracted_test.png
[!] File already indexed in oeneyeDB. Skipping.

[*] [OENEYE Master Engine]: Processing [.ppm] -> extracted_test.ppm
[!] File already indexed in oeneyeDB. Skipping.

[*] [OENEYE Master Engine]: Processing [.img] -> fat12.img
[!] File already indexed in oeneyeDB. Skipping.

[*] [OENEYE Master Engine]: Processing [.json] -> invoice_pretty.json
[!] File already indexed in oeneyeDB. Skipping.

[*] [OENEYE Master Engine]: Processing [.md] -> invoice_receipt.md
[!] File already indexed in oeneyeDB. Skipping.

[*] [OENEYE Master Engine]: Processing [.png] -> loginbg.png
[!] File already indexed in oeneyeDB. Skipping.

[*] [OENEYE Master Engine]: Processing [.png] -> logo.png
[!] File already indexed in oeneyeDB. Skipping.

[*] [OENEYE Master Engine]: Processing [.bat] -> make_oeneye_refs.bat
[!] File already indexed in oeneyeDB. Skipping.

[*] [OENEYE Master Engine]: Processing [.tex] -> monograph.tex
[!] File already indexed in oeneyeDB. Skipping.

[*] [OENEYE Master Engine]: Processing [.img] -> mosfetq-dos (1).img
[!] File already indexed in oeneyeDB. Skipping.

[*] [OENEYE Master Engine]: Processing [.s] -> mosfetq-dos-0.6.s
[!] File already indexed in oeneyeDB. Skipping.

[*] [OENEYE Master Engine]: Processing [.img] -> mosfetq-dos-1200.img
[!] File already indexed in oeneyeDB. Skipping.

[*] [OENEYE Master Engine]: Processing [.img] -> mosfetq-dos-1440.img
[!] File already indexed in oeneyeDB. Skipping.

[*] [OENEYE Master Engine]: Processing [.img] -> mosfetq-dos-gold-1.0.0.0.1-3.5in-1.44M.img
[!] File already indexed in oeneyeDB. Skipping.

[*] [OENEYE Master Engine]: Processing [.ximg] -> mosfetq-dos-gold-1.0.0.0.1-5.25in-1.2M.ximg
[!] File already indexed in oeneyeDB. Skipping.

[*] [OENEYE Master Engine]: Processing [.img] -> mosfetq-dos-nt-oeneye.img
[!] File already indexed in oeneyeDB. Skipping.

[*] [OENEYE Master Engine]: Processing [.s] -> mosfetq-dos.s
[!] File already indexed in oeneyeDB. Skipping.

[*] [OENEYE Master Engine]: Processing [.bin] -> mosfetq.bin
[!] File already indexed in oeneyeDB. Skipping.

[*] [OENEYE Master Engine]: Processing [.img] -> mosfetq.img
[!] File already indexed in oeneyeDB. Skipping.

[*] [OENEYE Master Engine]: Processing [.img] -> oeneye-compiled.img
[!] File already indexed in oeneyeDB. Skipping.

[*] [OENEYE Master Engine]: Processing [.sty] -> oeneye-font.sty
[!] File already indexed in oeneyeDB. Skipping.

[*] [OENEYE Master Engine]: Processing [.img] -> oeneye-mosfetq-exfat.img
[!] File already indexed in oeneyeDB. Skipping.

[*] [OENEYE Master Engine]: Processing [.img] -> oeneye-mosfetq-fat12.img
[!] File already indexed in oeneyeDB. Skipping.

[*] [OENEYE Master Engine]: Processing [.img] -> oeneye-mosfetq-fat16.img
[!] File already indexed in oeneyeDB. Skipping.

[*] [OENEYE Master Engine]: Processing [.img] -> oeneye-refs-downloaded.img
[!] File already indexed in oeneyeDB. Skipping.

[*] [OENEYE Master Engine]: Processing [.vhdx] -> oeneye-refs-new.vhdx
[!] File already indexed in oeneyeDB. Skipping.

[*] [OENEYE Master Engine]: Processing [.img] -> oeneye-refs-vhd.img
[!] File already indexed in oeneyeDB. Skipping.

[*] [OENEYE Master Engine]: Processing [.vhd] -> oeneye-refs.vhd
[!] File already indexed in oeneyeDB. Skipping.

[*] [OENEYE Master Engine]: Processing [.img] -> oeneye-sufficient-v2.img
[!] File already indexed in oeneyeDB. Skipping.

[*] [OENEYE Master Engine]: Processing [.img] -> oeneye.img
[!] File already indexed in oeneyeDB. Skipping.

[*] [OENEYE Master Engine]: Processing [.rc] -> oeneye.rc
[!] File already indexed in oeneyeDB. Skipping.

[*] [OENEYE Master Engine]: Processing [.xdll] -> oeneyeVNC
[!] File already indexed in oeneyeDB. Skipping.

[*] [OENEYE Master Engine]: Processing [.json] -> oeneye_dual_channel_ledger.json
[!] File already indexed in oeneyeDB. Skipping.

[*] [OENEYE Master Engine]: Processing [.html] -> oeneye_ecosystem_stream.html
[!] File already indexed in oeneyeDB. Skipping.

[*] [OENEYE Master Engine]: Processing [.json] -> oeneye_mainframe_declaration.json
[!] File already indexed in oeneyeDB. Skipping.

[*] [OENEYE Master Engine]: Processing [.tex] -> oeneye_monograph.tex
[!] File already indexed in oeneyeDB. Skipping.

[*] [OENEYE Master Engine]: Processing [.html] -> oeneye_movie_full.html
[!] File already indexed in oeneyeDB. Skipping.

[*] [OENEYE Master Engine]: Processing [.xdll] -> kernel
[!] File already indexed in oeneyeDB. Skipping.

[*] [OENEYE Master Engine]: Processing [.tex] -> rc_v04_specification.tex
[!] File already indexed in oeneyeDB. Skipping.

[*] [OENEYE Master Engine]: Processing [.vhdx] -> refs-oeneye.vhdx
[!] File already indexed in oeneyeDB. Skipping.

[*] [OENEYE Master Engine]: Processing [.bin] -> test.bin
[!] File already indexed in oeneyeDB. Skipping.

[*] [OENEYE Master Engine]: Processing [.com] -> test.com
[!] File already indexed in oeneyeDB. Skipping.

[*] [OENEYE Master Engine]: Processing [.ppm] -> test.ppm
[!] File already indexed in oeneyeDB. Skipping.

[*] [OENEYE Master Engine]: Processing [.profile] -> texlive.profile
[!] File already indexed in oeneyeDB. Skipping.

[*] [OENEYE Master Engine]: Processing [.zip] -> mosfetq-dos-0.3-source.zip
[!] File already indexed in oeneyeDB. Skipping.

[*] [OENEYE Master Engine]: Processing [.zip] -> mosfetq-dos-0.4-gold-rc.zip
[!] File already indexed in oeneyeDB. Skipping.

[*] [OENEYE Master Engine]: Processing [.zip] -> mosfetq-dos-0.4-rc1.zip
[!] File already indexed in oeneyeDB. Skipping.

[*] [OENEYE Master Engine]: Processing [.html] -> truth_post.html
[!] File already indexed in oeneyeDB. Skipping.

[*] [OENEYE Master Engine]: Processing [.zip] -> mosfetq-dos-gold-1.0.0.0.1-source.zip
[!] File already indexed in oeneyeDB. Skipping.

[*] [OENEYE Master Engine]: Processing [.html] -> viewer.html
[!] File already indexed in oeneyeDB. Skipping.

[*] [OENEYE Master Engine]: Processing [.zip] -> mosfetq-dos-nt-oeneye.zip
[!] File already indexed in oeneyeDB. Skipping.

[*] [OENEYE Master Engine]: Processing [.img] -> mosfetq-dos.img
[!] File already indexed in oeneyeDB. Skipping.

[*] [OENEYE Master Engine]: Processing [.pdf] -> Executive_Summary_Radius0.pdf
[!] File already indexed in oeneyeDB. Skipping.

[*] [OENEYE Master Engine]: Processing [.pdf] -> Minus_G_Vortex_Research_Synthesis.pdf
[!] File already indexed in oeneyeDB. Skipping.

[*] [OENEYE Master Engine]: Processing [.pdf] -> OENEYE_EULA (1).pdf
[!] File already indexed in oeneyeDB. Skipping.

[*] [OENEYE Master Engine]: Processing [.pdf] -> OENEYE_EULA (2).pdf
[!] File already indexed in oeneyeDB. Skipping.

[*] [OENEYE Master Engine]: Processing [.zip] -> oeneye-artwork-fat-bundle-v1.zip
[!] File already indexed in oeneyeDB. Skipping.

[*] [OENEYE Master Engine]: Processing [.pdf] -> OENEYE_EULA.pdf
[!] File already indexed in oeneyeDB. Skipping.

[*] [OENEYE Master Engine]: Processing [.log] -> OMQ.log
[!] File already indexed in oeneyeDB. Skipping.

[*] [OENEYE Master Engine]: Processing [.pdf] -> Obsidian_Brain_Mainframe_Declaration.pdf
[!] File already indexed in oeneyeDB. Skipping.

[*] [OENEYE Master Engine]: Processing [.pdf] -> PGCertQts-1.pdf
[!] File already indexed in oeneyeDB. Skipping.

[*] [OENEYE Master Engine]: Processing [.pdf] -> dnb_record.pdf
[!] File already indexed in oeneyeDB. Skipping.

[*] [OENEYE Master Engine]: Processing [.zip] -> oeneye-artwork-master-v1.1.zip
[!] File already indexed in oeneyeDB. Skipping.

[*] [OENEYE Master Engine]: Processing [.pdf] -> Radius0_Labyrinth_Manifest.pdf
[!] File already indexed in oeneyeDB. Skipping.

[*] [OENEYE Master Engine]: Processing [.zip] -> oeneye-artwork-refs-locked-bundle-v1.zip
[!] File already indexed in oeneyeDB. Skipping.

[*] [OENEYE Master Engine]: Processing [.zip] -> oeneye-distro-logo.zip
[!] File already indexed in oeneyeDB. Skipping.

[*] [OENEYE Master Engine]: Processing [.pdf] -> Radius0_FTP_Presentation_Deck.pdf
[!] File already indexed in oeneyeDB. Skipping.

[*] [OENEYE Master Engine]: Processing [.pdf] -> Radius0_Final_Fulfillment_Summary.pdf
[!] File already indexed in oeneyeDB. Skipping.

[*] [OENEYE Master Engine]: Processing [.html] -> index.html
[!] File already indexed in oeneyeDB. Skipping.

[*] [OENEYE Master Engine]: Processing [.db] -> invoice_database.db
[!] File already indexed in oeneyeDB. Skipping.

[*] [OENEYE Master Engine]: Processing [.xdll] -> ler
[!] File already indexed in oeneyeDB. Skipping.

[*] [OENEYE Master Engine]: Processing [.html] -> maga_post.html
[!] File already indexed in oeneyeDB. Skipping.

[*] [OENEYE Master Engine]: Processing [.json] -> metadata.json
[!] File already indexed in oeneyeDB. Skipping.

[*] [OENEYE Master Engine]: Processing [.img] -> mosfetq-dos-gold.img
[!] File already indexed in oeneyeDB. Skipping.

[*] [OENEYE Master Engine]: Processing [.s] -> mosfetq.s
[!] File already indexed in oeneyeDB. Skipping.

[*] [OENEYE Master Engine]: Processing [.img] -> oeneye-00x00.img
[!] File already indexed in oeneyeDB. Skipping.

[*] [OENEYE Master Engine]: Processing [.img] -> oeneye-bootstrap-bootable.img
[!] File already indexed in oeneyeDB. Skipping.

[*] [OENEYE Master Engine]: Processing [.img] -> oeneye-bootstrap.img
[!] File already indexed in oeneyeDB. Skipping.

[*] [OENEYE Master Engine]: Processing [.img] -> oeneye-ext4.img
[!] File already indexed in oeneyeDB. Skipping.

[*] [OENEYE Master Engine]: Processing [.img] -> oeneye-mosfetq-fat32.img
[!] File already indexed in oeneyeDB. Skipping.

[*] [OENEYE Master Engine]: Processing [.img] -> oeneye-ntfs.img
[!] File already indexed in oeneyeDB. Skipping.

[*] [OENEYE Master Engine]: Processing [.img] -> oeneye-phone.img
[!] File already indexed in oeneyeDB. Skipping.

[*] [OENEYE Master Engine]: Processing [.img] -> oeneye-refs-vhd-converted.img
[!] File already indexed in oeneyeDB. Skipping.

[*] [OENEYE Master Engine]: Processing [.vhdx] -> oeneye-refs.vhdx
[!] File already indexed in oeneyeDB. Skipping.

[*] [OENEYE Master Engine]: Processing [.img] -> oeneye-upscaled-32m.img
[!] File already indexed in oeneyeDB. Skipping.

[*] [OENEYE Master Engine]: Processing [.ximg] -> oeneyeTESTfont.ximg
[!] File already indexed in oeneyeDB. Skipping.

[*] [OENEYE Master Engine]: Processing [.save] -> oeneye_align.py.save
[!] File already indexed in oeneyeDB. Skipping.

[*] [OENEYE Master Engine]: Processing [.json] -> oeneye_invoices_codex.json
[!] File already indexed in oeneyeDB. Skipping.

[*] [OENEYE Master Engine]: Processing [.json] -> oeneye_label.json
[!] File already indexed in oeneyeDB. Skipping.

[*] [OENEYE Master Engine]: Processing [.html] -> oeneye_movie.html
[!] File already indexed in oeneyeDB. Skipping.

[*] [OENEYE Master Engine]: Processing [.png] -> oeneye_s.png
[!] File already indexed in oeneyeDB. Skipping.

[*] [OENEYE Master Engine]: Processing [.json] -> oeneye_zenodo_payload.json
[!] File already indexed in oeneyeDB. Skipping.

[*] [OENEYE Master Engine]: Processing [.xdll] -> oeneyepdf
[!] File already indexed in oeneyeDB. Skipping.

[*] [OENEYE Master Engine]: Processing [.c] -> oeneyepdf.c
[!] File already indexed in oeneyeDB. Skipping.

[*] [OENEYE Master Engine]: Processing [.pdf (2)] -> omq_vector_as_8x16.pdf (2)
[!] File already indexed in oeneyeDB. Skipping.

[*] [OENEYE Master Engine]: Processing [.pdf (3)] -> omq_vector_as_8x16.pdf (3)
[!] File already indexed in oeneyeDB. Skipping.

[*] [OENEYE Master Engine]: Processing [.json] -> record.json
[!] File already indexed in oeneyeDB. Skipping.

[*] [OENEYE Master Engine]: Processing [.zip] -> mosfetq-dos-0.5-source.zip
[!] File already indexed in oeneyeDB. Skipping.

[*] [OENEYE Master Engine]: Processing [.zip] -> mosfetq-dos-0.6-source.zip
[!] File already indexed in oeneyeDB. Skipping.

[*] [OENEYE Master Engine]: Processing [.bin] -> supb_dump.bin
[!] File already indexed in oeneyeDB. Skipping.

[*] [OENEYE Master Engine]: Processing [.xdll] -> tall texlive-installer
[!] File already indexed in oeneyeDB. Skipping.

[*] [OENEYE Master Engine]: Processing [.c] -> target_asset.c
[!] File already indexed in oeneyeDB. Skipping.

[*] [OENEYE Master Engine]: Processing [.png] -> test.png
[!] File already indexed in oeneyeDB. Skipping.

[*] [OENEYE Master Engine]: Processing [.tex] -> test_oeneye.tex
[!] File already indexed in oeneyeDB. Skipping.

[*] [OENEYE Master Engine]: Processing [.zip] -> oeneye-5.0-gecko.zip
[!] File already indexed in oeneyeDB. Skipping.

[*] [OENEYE Master Engine]: Processing [.html] -> trump_profile.html
[!] File already indexed in oeneyeDB. Skipping.

[*] [OENEYE Master Engine]: Processing [.zip] -> oeneye-pack.zip
[!] File already indexed in oeneyeDB. Skipping.

[*] [OENEYE Master Engine]: Processing [.pdf] -> 1.pdf
[!] File already indexed in oeneyeDB. Skipping.

[*] [OENEYE Master Engine]: Processing [.zip] -> oeneye-refs-placeholder.zip
[!] File already indexed in oeneyeDB. Skipping.

[*] [OENEYE Master Engine]: Processing [.pdf] -> FAT77_Kernel_Architecture.pdf
[!] File already indexed in oeneyeDB. Skipping.

[*] [OENEYE Master Engine]: Processing [.pdf] -> Fibonacci_Magnetism_Manifold.pdf
[!] File already indexed in oeneyeDB. Skipping.

[*] [OENEYE Master Engine]: Processing [.zip] -> oeneyeCURL.zip
[!] File already indexed in oeneyeDB. Skipping.

[*] [OENEYE Master Engine]: Processing [.zip] -> oeneyeMOSFETQfont.zip
[!] File already indexed in oeneyeDB. Skipping.

[*] [OENEYE Master Engine]: Processing [.pdf] -> Radius0_Fulcrum_Coupling.pdf
[!] File already indexed in oeneyeDB. Skipping.

[*] [OENEYE Master Engine]: Processing [.pdf] -> Radius0_StandardModel_Fulfillment.pdf
[!] File already indexed in oeneyeDB. Skipping.

[*] [OENEYE Master Engine]: Processing [.pdf] -> Radius_0_Invariance_Postulate.pdf
[!] File already indexed in oeneyeDB. Skipping.

[*] [OENEYE Master Engine]: Processing [.pdf] -> Radius_0_Variance_Theory.pdf
[!] File already indexed in oeneyeDB. Skipping.

[*] [OENEYE Master Engine]: Processing [.pdf] -> STARv3_Stabilizer_Protocol.pdf
[!] File already indexed in oeneyeDB. Skipping.

[*] [OENEYE Master Engine]: Processing [.pdf] -> Unified Master Framework oeneye and Inertia Probability (1).pdf
[!] File already indexed in oeneyeDB. Skipping.

[*] [OENEYE Master Engine]: Processing [.pdf] -> Unified_Radius_0_Theory.pdf
[!] File already indexed in oeneyeDB. Skipping.

[*] [OENEYE Master Engine]: Processing [.log] -> chapter_architecture.log
[!] File already indexed in oeneyeDB. Skipping.

[*] [OENEYE Master Engine]: Processing [.pdf] -> cnnn_manifold_report.pdf
[!] File already indexed in oeneyeDB. Skipping.

[*] [OENEYE Master Engine]: Processing [.pdf] -> dnb_publication.pdf
[!] File already indexed in oeneyeDB. Skipping.

[*] [OENEYE Master Engine]: Processing [.pdf] -> draft_MOSFETQ.pdf
[!] File already indexed in oeneyeDB. Skipping.

[*] [OENEYE Master Engine]: Processing [.zip] -> oeneye-ntfs.zip
[!] File already indexed in oeneyeDB. Skipping.

[*] [OENEYE Master Engine]: Processing [.zip] -> oeneye-wg-server.zip
[!] File already indexed in oeneyeDB. Skipping.

[*] [OENEYE Master Engine]: Processing [.zip] -> oeneye-xima.zip
[!] File already indexed in oeneyeDB. Skipping.

[*] [OENEYE Master Engine]: Processing [.pdf] -> compiling_nasa_nastran.pdf
[!] File already indexed in oeneyeDB. Skipping.

[*] [OENEYE Master Engine]: Processing [.pdf] -> dyscalculia_clinical_protocol_v2.pdf
[!] File already indexed in oeneyeDB. Skipping.

[*] [OENEYE Master Engine]: Processing [.pdf] -> fraktur_infinity.pdf
[!] File already indexed in oeneyeDB. Skipping.

[*] [OENEYE Master Engine]: Processing [.pdf] -> fraktur_infinity_final_synthesis.pdf
[!] File already indexed in oeneyeDB. Skipping.

[*] [OENEYE Master Engine]: Processing [.pdf] -> gemini_deletion_incident.pdf
[!] File already indexed in oeneyeDB. Skipping.

[*] [OENEYE Master Engine]: Processing [.zip] -> oeneyephraser-firefoxos.zip
[!] File already indexed in oeneyeDB. Skipping.

[*] [OENEYE Master Engine]: Processing [.log] -> manifold_verification.log
[!] File already indexed in oeneyeDB. Skipping.

[*] [OENEYE Master Engine]: Processing [.pdf] -> oeneye_sdk_readme.pdf
[!] File already indexed in oeneyeDB. Skipping.

[*] [OENEYE Master Engine]: Processing [.gz] -> oeneye_workspace_backup.tar.gz
[!] File already indexed in oeneyeDB. Skipping.

[*] [OENEYE Master Engine]: Processing [.html] -> ig_post.html
[!] File already indexed in oeneyeDB. Skipping.

[*] [OENEYE Master Engine]: Processing [.pdf] -> 2she0y.pdf
[!] File already indexed in oeneyeDB. Skipping.

[*] [OENEYE Master Engine]: Processing [.bin] -> bird_loader_lba2.bin
[!] File already indexed in oeneyeDB. Skipping.

[*] [OENEYE Master Engine]: Processing [.gz] -> oeneyeos_v0.2_archive.tar.gz
[!] File already indexed in oeneyeDB. Skipping.

[*] [OENEYE Master Engine]: Processing [.pdf] -> oeneyepdf-test.pdf
[!] File already indexed in oeneyeDB. Skipping.

[*] [OENEYE Master Engine]: Processing [.pdf] -> oeneyesdk_lfn_erratum.pdf
[!] File already indexed in oeneyeDB. Skipping.

[*] [OENEYE Master Engine]: Processing [.pdf] -> patient_action_protocol.pdf
[!] File already indexed in oeneyeDB. Skipping.

[*] [OENEYE Master Engine]: Processing [.pdf] -> quantumthermostatic_3month_plan.pdf
[!] File already indexed in oeneyeDB. Skipping.

[*] [OENEYE Master Engine]: Processing [.pdf] -> quantumthermostatic_invention_profile.pdf
[!] File already indexed in oeneyeDB. Skipping.

[*] [OENEYE Master Engine]: Processing [.aux] -> test_oeneye.aux
[!] File already indexed in oeneyeDB. Skipping.

[*] [OENEYE Master Engine]: Processing [.json] -> oeneyeAuth_context.json
[!] File already indexed in oeneyeDB. Skipping.

[*] [OENEYE Master Engine]: Processing [.html] -> share.html
[!] File already indexed in oeneyeDB. Skipping.

[*] [OENEYE Master Engine]: Processing [.grammar] -> oeneyeToken.grammar
[!] File already indexed in oeneyeDB. Skipping.

[*] [OENEYE Master Engine]: Processing [.toml] -> Cargo.toml
[!] File already indexed in oeneyeDB. Skipping.

[*] [OENEYE Master Engine]: Processing [.html] -> bing_search.html
[!] File already indexed in oeneyeDB. Skipping.

[*] [OENEYE Master Engine]: Processing [.zip] -> oeneyec-test-tree.zip
[!] File already indexed in oeneyeDB. Skipping.

[*] [OENEYE Master Engine]: Processing [.pdf] -> mada_submission_summary.pdf
[!] File already indexed in oeneyeDB. Skipping.

[*] [OENEYE Master Engine]: Processing [.log] -> missfont.log
[!] File already indexed in oeneyeDB. Skipping.

[*] [OENEYE Master Engine]: Processing [.aux] -> monograph.aux
[!] File already indexed in oeneyeDB. Skipping.

[*] [OENEYE Master Engine]: Processing [.log] -> monograph.log
[!] File already indexed in oeneyeDB. Skipping.

[*] [OENEYE Master Engine]: Processing [.pdf] -> monograph.pdf
[!] File already indexed in oeneyeDB. Skipping.

[*] [OENEYE Master Engine]: Processing [.pdf] -> nbn_resource.pdf
[!] File already indexed in oeneyeDB. Skipping.

[*] [OENEYE Master Engine]: Processing [.gz] -> oeneye_asset_omq.tar.gz
[!] File already indexed in oeneyeDB. Skipping.

[*] [OENEYE Master Engine]: Processing [.log] -> oeneye_audit.log
[!] File already indexed in oeneyeDB. Skipping.

[*] [OENEYE Master Engine]: Processing [.log] -> oeneye_kernel_runtime.log
[!] File already indexed in oeneyeDB. Skipping.

[*] [OENEYE Master Engine]: Processing [.pdf] -> oeneye_nested_scope.pdf
[!] File already indexed in oeneyeDB. Skipping.

[*] [OENEYE Master Engine]: Processing [.html] -> fb_post.html
[!] File already indexed in oeneyeDB. Skipping.

[*] [OENEYE Master Engine]: Processing [.pdf] -> rheinmetall_cv.pdf
[!] File already indexed in oeneyeDB. Skipping.

[*] [OENEYE Master Engine]: Processing [.pdf] -> summary.pdf
[!] File already indexed in oeneyeDB. Skipping.

[*] [OENEYE Master Engine]: Processing [.pdf] -> trex_bribery_app.pdf
[!] File already indexed in oeneyeDB. Skipping.

[*] [OENEYE Master Engine]: Processing [.zip] -> mosfetq-dos-hello-sample-v2-with-bird-lash.zip
[!] File already indexed in oeneyeDB. Skipping.

[*] [OENEYE Master Engine]: Processing [.asm] -> boot_bird_lash_patch.asm
[!] File already indexed in oeneyeDB. Skipping.

[*] [OENEYE Master Engine]: Processing [.sha256] -> combined_checksums.sha256
[!] File already indexed in oeneyeDB. Skipping.

[*] [OENEYE Master Engine]: Processing [.log] -> gh-diagnostic.log
[!] File already indexed in oeneyeDB. Skipping.

[*] [OENEYE Master Engine]: Processing [.gz] -> oeneye-chat.tar.gz
[!] File already indexed in oeneyeDB. Skipping.

[*] [OENEYE Master Engine]: Processing [.sha256] -> share.html.sha256
[!] File already indexed in oeneyeDB. Skipping.

[*] [OENEYE Master Engine]: Processing [.gz] -> oeneyeAuth_context.tar.gz
[!] File already indexed in oeneyeDB. Skipping.

[*] [OENEYE Master Engine]: Processing [.pdf] -> Radius_0_Invariance_Postulate-1.pdf
[!] File already indexed in oeneyeDB. Skipping.

[*] [OENEYE Master Engine]: Processing [.pdf] -> Unified_Radius0_Manifold_Tier.pdf
[!] File already indexed in oeneyeDB. Skipping.

[*] [OENEYE Master Engine]: Processing [.aux] -> chapter_architecture.aux
[!] File already indexed in oeneyeDB. Skipping.

[*] [OENEYE Master Engine]: Processing [.pdf] -> chapter_architecture.pdf
[!] File already indexed in oeneyeDB. Skipping.

[*] [OENEYE Master Engine]: Processing [.zip] -> oeneye-telemetry.zip
[!] File already indexed in oeneyeDB. Skipping.

[*] [OENEYE Master Engine]: Processing [.pdf] -> fraktur_infinity_lemniscate.pdf
[!] File already indexed in oeneyeDB. Skipping.

[*] [OENEYE Master Engine]: Processing [.pdf] -> fraktur_infinity_symbol.pdf
[!] File already indexed in oeneyeDB. Skipping.

[*] [OENEYE Master Engine]: Processing [.pdf] -> manifold_maga_report.pdf
[!] File already indexed in oeneyeDB. Skipping.

[*] [OENEYE Master Engine]: Processing [.log] -> oeneye_daemon.log
[+] Successfully indexed oeneye_daemon.log as [.log] into oeneyeDB.

[*] [OENEYE Master Engine]: Processing [.log] -> oeneye_rack.log
[!] File already indexed in oeneyeDB. Skipping.

[*] [OENEYE Master Engine]: Processing [.gz] -> oeneye_release_v1.0.tar.gz
[!] File already indexed in oeneyeDB. Skipping.

[*] [OENEYE Master Engine]: Processing [.zip] -> mosfetq-dos-hello-sample.zip
[!] File already indexed in oeneyeDB. Skipping.

[*] [OENEYE Master Engine]: Processing [.pdf] -> omq_vector_as_8x16.pdf
[!] File already indexed in oeneyeDB. Skipping.

[*] [OENEYE Master Engine]: Processing [.sha256] -> checksums.sha256
[!] File already indexed in oeneyeDB. Skipping.

[*] [OENEYE Master Engine]: Processing [.html] -> auth_response.html
[!] File already indexed in oeneyeDB. Skipping.

[*] [OENEYE Master Engine]: Processing [.log] -> test_oeneye.log
[!] File already indexed in oeneyeDB. Skipping.

[*] [OENEYE Master Engine]: Processing [.sha256] -> auth_response.html.sha256
[!] File already indexed in oeneyeDB. Skipping.

[*] [OENEYE Master Engine]: Processing [.html] -> ximg_response.html
[!] File already indexed in oeneyeDB. Skipping.

[*] [OENEYE Master Engine]: Processing [.sha256] -> ximg_response.html.sha256
[!] File already indexed in oeneyeDB. Skipping.

[*] [OENEYE Master Engine]: Processing [.json] -> perplexity_response.json
[!] File already indexed in oeneyeDB. Skipping.

[*] [OENEYE Master Engine]: Processing [.sha256] -> manifest.sha256
[!] File already indexed in oeneyeDB. Skipping.

[*] [OENEYE Master Engine]: Processing [.log] -> oeneye_deployment_audit.log
[!] File already indexed in oeneyeDB. Skipping.

[*] [OENEYE Master Engine]: Processing [.md5] -> checksums.md5
[!] File already indexed in oeneyeDB. Skipping.

[*] [OENEYE Master Engine]: Processing [.pdf] -> trump_beneficiaro_profile.pdf
[!] File already indexed in oeneyeDB. Skipping.

[*] [OENEYE Master Engine]: Processing [.png] -> BIRD_1024_white.png
[!] File already indexed in oeneyeDB. Skipping.

[*] [OENEYE Master Engine]: Processing [.webp] -> BIRD_Laifsmitch_1024.webp
[!] File already indexed in oeneyeDB. Skipping.

[*] [OENEYE Master Engine]: Processing [.img] -> hello_bird_lba2.img
[!] File already indexed in oeneyeDB. Skipping.

[*] [OENEYE Master Engine]: Processing [.pdf] -> test.pdf
[!] File already indexed in oeneyeDB. Skipping.

[*] [OENEYE Master Engine]: Processing [.xdll] -> earch 7z
[!] File already indexed in oeneyeDB. Skipping.

[*] [OENEYE Master Engine]: Processing [.sha256] -> oeneyeAuth_context.json.sha256
[!] File already indexed in oeneyeDB. Skipping.

[*] [OENEYE Master Engine]: Processing [.sha256] -> oeneyeAuth_context.tar.gz.sha256
[!] File already indexed in oeneyeDB. Skipping.

[*] [OENEYE Master Engine]: Processing [.xdll] -> oeneyeToken
[!] File already indexed in oeneyeDB. Skipping.

[*] [OENEYE Master Engine]: Processing [.lock] -> Cargo.lock
[!] File already indexed in oeneyeDB. Skipping.

[*] [OENEYE Master Engine]: Processing [.html] -> phia_page.html
[!] File already indexed in oeneyeDB. Skipping.

[*] [OENEYE Master Engine]: Processing [.html] -> phia_share.html
[!] File already indexed in oeneyeDB. Skipping.

[*] [OENEYE Master Engine]: Processing [.log] -> LEDGER_SYNC.LOG
[!] File already indexed in oeneyeDB. Skipping.

[*] [OENEYE Master Engine]: Processing [.fnt] -> OMQ.FNT
[!] File already indexed in oeneyeDB. Skipping.

[*] [OENEYE Master Engine]: Processing [.pyc] -> __init__.cpython-312.pyc
[!] File already indexed in oeneyeDB. Skipping.

[*] [OENEYE Master Engine]: Processing [.pyc] -> bridge_oeneye_chaosnet.cpython-312.pyc
[!] File already indexed in oeneyeDB. Skipping.

[*] [OENEYE Master Engine]: Processing [.pyc] -> chaosnet_codec.cpython-312.pyc
[!] File already indexed in oeneyeDB. Skipping.

[*] [OENEYE Master Engine]: Processing [.iso] -> oeneye.iso
[!] File already indexed in oeneyeDB. Skipping.

[*] [OENEYE Master Engine]: Processing [.pyc] -> decode_oeneye_chaosnet.cpython-312.pyc
[!] File already indexed in oeneyeDB. Skipping.

[*] [OENEYE Master Engine]: Processing [.pyc] -> emu_dos.cpython-312.pyc
[!] File already indexed in oeneyeDB. Skipping.

[*] [OENEYE Master Engine]: Processing [.json] -> 22845198.json
[!] File already indexed in oeneyeDB. Skipping.

[*] [OENEYE Master Engine]: Processing [.json] -> 22911730.json
[!] File already indexed in oeneyeDB. Skipping.

[*] [OENEYE Master Engine]: Processing [.pyc] -> filesystem.cpython-312.pyc
[!] File already indexed in oeneyeDB. Skipping.

[*] [OENEYE Master Engine]: Processing [.json] -> 22958760.json
[!] File already indexed in oeneyeDB. Skipping.

[*] [OENEYE Master Engine]: Processing [.pdf] -> test_oeneye.pdf
[!] File already indexed in oeneyeDB. Skipping.

[*] [OENEYE Master Engine]: Processing [.json] -> 22973669.json
[!] File already indexed in oeneyeDB. Skipping.

[*] [OENEYE Master Engine]: Processing [.json] -> 22983037.json
[!] File already indexed in oeneyeDB. Skipping.

[*] [OENEYE Master Engine]: Processing [.img] -> 86_dos_v0.1_original.img
[!] File already indexed in oeneyeDB. Skipping.

[*] [OENEYE Master Engine]: Processing [.bat] -> AUTOEXEC.BAT
[!] File already indexed in oeneyeDB. Skipping.

[*] [OENEYE Master Engine]: Processing [.img] -> DOSoeneyeNT.img
[!] File already indexed in oeneyeDB. Skipping.

[*] [OENEYE Master Engine]: Processing [.xdll] -> FILENAME_HERE
[!] File already indexed in oeneyeDB. Skipping.

[*] [OENEYE Master Engine]: Processing [.xdll] -> Mada Innovation Award
[!] File already indexed in oeneyeDB. Skipping.

[*] [OENEYE Master Engine]: Processing [.xdll] -> Makefile
[!] File already indexed in oeneyeDB. Skipping.

[*] [OENEYE Master Engine]: Processing [.img] -> NToeneyeDOS.img
[!] File already indexed in oeneyeDB. Skipping.

[*] [OENEYE Master Engine]: Processing [.doc] -> Notenspiegel.doc
[!] File already indexed in oeneyeDB. Skipping.

[*] [OENEYE Master Engine]: Processing [.md] -> OENEYE_EULA.md
[!] File already indexed in oeneyeDB. Skipping.

[*] [OENEYE Master Engine]: Processing [.ttf] -> OMQ.ttf
[!] File already indexed in oeneyeDB. Skipping.

[*] [OENEYE Master Engine]: Processing [.sha256] -> OMQ.ttf.sha256
[!] File already indexed in oeneyeDB. Skipping.

[*] [OENEYE Master Engine]: Processing [.bin] -> OQM_file.bin
[!] File already indexed in oeneyeDB. Skipping.

[*] [OENEYE Master Engine]: Processing [.m] -> OeneyeClock.m
[!] File already indexed in oeneyeDB. Skipping.

[*] [OENEYE Master Engine]: Processing [.png] -> Screenshot_20260727-150025.png
[!] File already indexed in oeneyeDB. Skipping.

[*] [OENEYE Master Engine]: Processing [.md] -> TODO.md
[!] File already indexed in oeneyeDB. Skipping.

[*] [OENEYE Master Engine]: Processing [.ximg] -> User1.ximg
[!] File already indexed in oeneyeDB. Skipping.

[*] [OENEYE Master Engine]: Processing [.xdll] -> VERSION_TARGET
[!] File already indexed in oeneyeDB. Skipping.

[*] [OENEYE Master Engine]: Processing [.html] -> ig_story.html
[!] File already indexed in oeneyeDB. Skipping.

[*] [OENEYE Master Engine]: Processing [.pyc] -> kernel.cpython-312.pyc
[!] File already indexed in oeneyeDB. Skipping.

[*] [OENEYE Master Engine]: Processing [.pyc] -> oeneye_hotspot.cpython-312.pyc
[!] File already indexed in oeneyeDB. Skipping.

[*] [OENEYE Master Engine]: Processing [.pyc] -> oeneye_master_init.cpython-312.pyc
[!] File already indexed in oeneyeDB. Skipping.

[*] [OENEYE Master Engine]: Processing [.pyc] -> oeneyeasm.cpython-312.pyc
[!] File already indexed in oeneyeDB. Skipping.

[*] [OENEYE Master Engine]: Processing [.pyc] -> sync_hub.cpython-313.pyc
[!] File already indexed in oeneyeDB. Skipping.

[*] [OENEYE Master Engine]: Processing [.zip] -> mosfetq-dos-gold-source.zip
[!] File already indexed in oeneyeDB. Skipping.

[*] [OENEYE Master Engine]: Processing [.md] -> README.md
[!] File already indexed in oeneyeDB. Skipping.

[*] [OENEYE Master Engine]: Processing [.tex] -> chapter_architecture.tex
[!] File already indexed in oeneyeDB. Skipping.

[*] [OENEYE Master Engine]: Processing [.bin] -> chkp_dump.bin
[!] File already indexed in oeneyeDB. Skipping.

[*] [OENEYE Master Engine]: Processing [.xdll] -> content
[!] File already indexed in oeneyeDB. Skipping.

[*] [OENEYE Master Engine]: Processing [.xml] -> datacite.xml
[!] File already indexed in oeneyeDB. Skipping.

[*] [OENEYE Master Engine]: Processing [.bin] -> delta_slice_0_off_000D.bin
[!] File already indexed in oeneyeDB. Skipping.

[*] [OENEYE Master Engine]: Processing [.bin] -> delta_slice_1_off_0130.bin
[!] File already indexed in oeneyeDB. Skipping.

[*] [OENEYE Master Engine]: Processing [.bin] -> delta_slice_2_off_0198.bin
[!] File already indexed in oeneyeDB. Skipping.

[*] [OENEYE Master Engine]: Processing [.bin] -> delta_slice_3_off_0200.bin
[!] File already indexed in oeneyeDB. Skipping.

[*] [OENEYE Master Engine]: Processing [.png] -> dnb_enhanced_highres.png
[!] File already indexed in oeneyeDB. Skipping.

[*] [OENEYE Master Engine]: Processing [.json] -> dos_filesystem_index.json
[!] File already indexed in oeneyeDB. Skipping.

[*] [OENEYE Master Engine]: Processing [.docx] -> draft_MOSFETQ.docx
[!] File already indexed in oeneyeDB. Skipping.

[*] [OENEYE Master Engine]: Processing [.bak] -> emu_dos.bak
[!] File already indexed in oeneyeDB. Skipping.

[*] [OENEYE Master Engine]: Processing [.png] -> extracted_test.png
[!] File already indexed in oeneyeDB. Skipping.

[*] [OENEYE Master Engine]: Processing [.ppm] -> extracted_test.ppm
[!] File already indexed in oeneyeDB. Skipping.

[*] [OENEYE Master Engine]: Processing [.img] -> fat12.img
[!] File already indexed in oeneyeDB. Skipping.

[*] [OENEYE Master Engine]: Processing [.json] -> invoice_pretty.json
[!] File already indexed in oeneyeDB. Skipping.

[*] [OENEYE Master Engine]: Processing [.md] -> invoice_receipt.md
[!] File already indexed in oeneyeDB. Skipping.

[*] [OENEYE Master Engine]: Processing [.png] -> loginbg.png
[!] File already indexed in oeneyeDB. Skipping.

[*] [OENEYE Master Engine]: Processing [.png] -> logo.png
[!] File already indexed in oeneyeDB. Skipping.

[*] [OENEYE Master Engine]: Processing [.bat] -> make_oeneye_refs.bat
[!] File already indexed in oeneyeDB. Skipping.

[*] [OENEYE Master Engine]: Processing [.tex] -> monograph.tex
[!] File already indexed in oeneyeDB. Skipping.

[*] [OENEYE Master Engine]: Processing [.img] -> mosfetq-dos (1).img
[!] File already indexed in oeneyeDB. Skipping.

[*] [OENEYE Master Engine]: Processing [.s] -> mosfetq-dos-0.6.s
[!] File already indexed in oeneyeDB. Skipping.

[*] [OENEYE Master Engine]: Processing [.img] -> mosfetq-dos-1200.img
[!] File already indexed in oeneyeDB. Skipping.

[*] [OENEYE Master Engine]: Processing [.img] -> mosfetq-dos-1440.img
[!] File already indexed in oeneyeDB. Skipping.

[*] [OENEYE Master Engine]: Processing [.img] -> mosfetq-dos-gold-1.0.0.0.1-3.5in-1.44M.img
[!] File already indexed in oeneyeDB. Skipping.

[*] [OENEYE Master Engine]: Processing [.ximg] -> mosfetq-dos-gold-1.0.0.0.1-5.25in-1.2M.ximg
[!] File already indexed in oeneyeDB. Skipping.

[*] [OENEYE Master Engine]: Processing [.img] -> mosfetq-dos-nt-oeneye.img
[!] File already indexed in oeneyeDB. Skipping.

[*] [OENEYE Master Engine]: Processing [.s] -> mosfetq-dos.s
[!] File already indexed in oeneyeDB. Skipping.

[*] [OENEYE Master Engine]: Processing [.bin] -> mosfetq.bin
[!] File already indexed in oeneyeDB. Skipping.

[*] [OENEYE Master Engine]: Processing [.img] -> mosfetq.img
[!] File already indexed in oeneyeDB. Skipping.

[*] [OENEYE Master Engine]: Processing [.img] -> oeneye-compiled.img
[!] File already indexed in oeneyeDB. Skipping.

[*] [OENEYE Master Engine]: Processing [.sty] -> oeneye-font.sty
[!] File already indexed in oeneyeDB. Skipping.

[*] [OENEYE Master Engine]: Processing [.img] -> oeneye-mosfetq-exfat.img
[!] File already indexed in oeneyeDB. Skipping.

[*] [OENEYE Master Engine]: Processing [.img] -> oeneye-mosfetq-fat12.img
[!] File already indexed in oeneyeDB. Skipping.

[*] [OENEYE Master Engine]: Processing [.img] -> oeneye-mosfetq-fat16.img
[!] File already indexed in oeneyeDB. Skipping.

[*] [OENEYE Master Engine]: Processing [.img] -> oeneye-refs-downloaded.img
[!] File already indexed in oeneyeDB. Skipping.

[*] [OENEYE Master Engine]: Processing [.vhdx] -> oeneye-refs-new.vhdx
[!] File already indexed in oeneyeDB. Skipping.

[*] [OENEYE Master Engine]: Processing [.img] -> oeneye-refs-vhd.img
[!] File already indexed in oeneyeDB. Skipping.

[*] [OENEYE Master Engine]: Processing [.vhd] -> oeneye-refs.vhd
[!] File already indexed in oeneyeDB. Skipping.

[*] [OENEYE Master Engine]: Processing [.img] -> oeneye-sufficient-v2.img
[!] File already indexed in oeneyeDB. Skipping.

[*] [OENEYE Master Engine]: Processing [.img] -> oeneye.img
[!] File already indexed in oeneyeDB. Skipping.

[*] [OENEYE Master Engine]: Processing [.rc] -> oeneye.rc
[!] File already indexed in oeneyeDB. Skipping.

[*] [OENEYE Master Engine]: Processing [.xdll] -> oeneyeVNC
[!] File already indexed in oeneyeDB. Skipping.

[*] [OENEYE Master Engine]: Processing [.json] -> oeneye_dual_channel_ledger.json
[!] File already indexed in oeneyeDB. Skipping.

[*] [OENEYE Master Engine]: Processing [.html] -> oeneye_ecosystem_stream.html
[!] File already indexed in oeneyeDB. Skipping.

[*] [OENEYE Master Engine]: Processing [.json] -> oeneye_mainframe_declaration.json
[!] File already indexed in oeneyeDB. Skipping.

[*] [OENEYE Master Engine]: Processing [.tex] -> oeneye_monograph.tex
[!] File already indexed in oeneyeDB. Skipping.

[*] [OENEYE Master Engine]: Processing [.html] -> oeneye_movie_full.html
[!] File already indexed in oeneyeDB. Skipping.

[*] [OENEYE Master Engine]: Processing [.xdll] -> kernel
[!] File already indexed in oeneyeDB. Skipping.

[*] [OENEYE Master Engine]: Processing [.tex] -> rc_v04_specification.tex
[!] File already indexed in oeneyeDB. Skipping.

[*] [OENEYE Master Engine]: Processing [.vhdx] -> refs-oeneye.vhdx
[!] File already indexed in oeneyeDB. Skipping.

[*] [OENEYE Master Engine]: Processing [.bin] -> test.bin
[!] File already indexed in oeneyeDB. Skipping.

[*] [OENEYE Master Engine]: Processing [.com] -> test.com
[!] File already indexed in oeneyeDB. Skipping.

[*] [OENEYE Master Engine]: Processing [.ppm] -> test.ppm
[!] File already indexed in oeneyeDB. Skipping.

[*] [OENEYE Master Engine]: Processing [.profile] -> texlive.profile
[!] File already indexed in oeneyeDB. Skipping.

[*] [OENEYE Master Engine]: Processing [.zip] -> mosfetq-dos-0.3-source.zip
[!] File already indexed in oeneyeDB. Skipping.

[*] [OENEYE Master Engine]: Processing [.zip] -> mosfetq-dos-0.4-gold-rc.zip
[!] File already indexed in oeneyeDB. Skipping.

[*] [OENEYE Master Engine]: Processing [.zip] -> mosfetq-dos-0.4-rc1.zip
[!] File already indexed in oeneyeDB. Skipping.

[*] [OENEYE Master Engine]: Processing [.html] -> truth_post.html
[!] File already indexed in oeneyeDB. Skipping.

[*] [OENEYE Master Engine]: Processing [.zip] -> mosfetq-dos-gold-1.0.0.0.1-source.zip
[!] File already indexed in oeneyeDB. Skipping.

[*] [OENEYE Master Engine]: Processing [.html] -> viewer.html
[!] File already indexed in oeneyeDB. Skipping.

[*] [OENEYE Master Engine]: Processing [.zip] -> mosfetq-dos-nt-oeneye.zip
[!] File already indexed in oeneyeDB. Skipping.

[*] [OENEYE Master Engine]: Processing [.img] -> mosfetq-dos.img
[!] File already indexed in oeneyeDB. Skipping.

[*] [OENEYE Master Engine]: Processing [.pdf] -> Executive_Summary_Radius0.pdf
[!] File already indexed in oeneyeDB. Skipping.

[*] [OENEYE Master Engine]: Processing [.pdf] -> Minus_G_Vortex_Research_Synthesis.pdf
[!] File already indexed in oeneyeDB. Skipping.

[*] [OENEYE Master Engine]: Processing [.pdf] -> OENEYE_EULA (1).pdf
[!] File already indexed in oeneyeDB. Skipping.

[*] [OENEYE Master Engine]: Processing [.pdf] -> OENEYE_EULA (2).pdf
[!] File already indexed in oeneyeDB. Skipping.

[*] [OENEYE Master Engine]: Processing [.zip] -> oeneye-artwork-fat-bundle-v1.zip
[!] File already indexed in oeneyeDB. Skipping.

[*] [OENEYE Master Engine]: Processing [.pdf] -> OENEYE_EULA.pdf
[!] File already indexed in oeneyeDB. Skipping.

[*] [OENEYE Master Engine]: Processing [.log] -> OMQ.log
[!] File already indexed in oeneyeDB. Skipping.

[*] [OENEYE Master Engine]: Processing [.pdf] -> Obsidian_Brain_Mainframe_Declaration.pdf
[!] File already indexed in oeneyeDB. Skipping.

[*] [OENEYE Master Engine]: Processing [.pdf] -> PGCertQts-1.pdf
[!] File already indexed in oeneyeDB. Skipping.

[*] [OENEYE Master Engine]: Processing [.pdf] -> dnb_record.pdf
[!] File already indexed in oeneyeDB. Skipping.

[*] [OENEYE Master Engine]: Processing [.zip] -> oeneye-artwork-master-v1.1.zip
[!] File already indexed in oeneyeDB. Skipping.

[*] [OENEYE Master Engine]: Processing [.pdf] -> Radius0_Labyrinth_Manifest.pdf
[!] File already indexed in oeneyeDB. Skipping.

[*] [OENEYE Master Engine]: Processing [.zip] -> oeneye-artwork-refs-locked-bundle-v1.zip
[!] File already indexed in oeneyeDB. Skipping.

[*] [OENEYE Master Engine]: Processing [.zip] -> oeneye-distro-logo.zip
[!] File already indexed in oeneyeDB. Skipping.

[*] [OENEYE Master Engine]: Processing [.pdf] -> Radius0_FTP_Presentation_Deck.pdf
[!] File already indexed in oeneyeDB. Skipping.

[*] [OENEYE Master Engine]: Processing [.pdf] -> Radius0_Final_Fulfillment_Summary.pdf
[!] File already indexed in oeneyeDB. Skipping.

[*] [OENEYE Master Engine]: Processing [.html] -> index.html
[!] File already indexed in oeneyeDB. Skipping.

[*] [OENEYE Master Engine]: Processing [.db] -> invoice_database.db
[!] File already indexed in oeneyeDB. Skipping.

[*] [OENEYE Master Engine]: Processing [.xdll] -> ler
[!] File already indexed in oeneyeDB. Skipping.

[*] [OENEYE Master Engine]: Processing [.html] -> maga_post.html
[!] File already indexed in oeneyeDB. Skipping.

[*] [OENEYE Master Engine]: Processing [.json] -> metadata.json
[!] File already indexed in oeneyeDB. Skipping.

[*] [OENEYE Master Engine]: Processing [.img] -> mosfetq-dos-gold.img
[!] File already indexed in oeneyeDB. Skipping.

[*] [OENEYE Master Engine]: Processing [.s] -> mosfetq.s
[!] File already indexed in oeneyeDB. Skipping.

[*] [OENEYE Master Engine]: Processing [.img] -> oeneye-00x00.img
[!] File already indexed in oeneyeDB. Skipping.

[*] [OENEYE Master Engine]: Processing [.img] -> oeneye-bootstrap-bootable.img
[!] File already indexed in oeneyeDB. Skipping.

[*] [OENEYE Master Engine]: Processing [.img] -> oeneye-bootstrap.img
[!] File already indexed in oeneyeDB. Skipping.

[*] [OENEYE Master Engine]: Processing [.img] -> oeneye-ext4.img
[!] File already indexed in oeneyeDB. Skipping.

[*] [OENEYE Master Engine]: Processing [.img] -> oeneye-mosfetq-fat32.img
[!] File already indexed in oeneyeDB. Skipping.

[*] [OENEYE Master Engine]: Processing [.img] -> oeneye-ntfs.img
[!] File already indexed in oeneyeDB. Skipping.

[*] [OENEYE Master Engine]: Processing [.img] -> oeneye-phone.img
[!] File already indexed in oeneyeDB. Skipping.

[*] [OENEYE Master Engine]: Processing [.img] -> oeneye-refs-vhd-converted.img
[!] File already indexed in oeneyeDB. Skipping.

[*] [OENEYE Master Engine]: Processing [.vhdx] -> oeneye-refs.vhdx
[!] File already indexed in oeneyeDB. Skipping.

[*] [OENEYE Master Engine]: Processing [.img] -> oeneye-upscaled-32m.img
[!] File already indexed in oeneyeDB. Skipping.

[*] [OENEYE Master Engine]: Processing [.ximg] -> oeneyeTESTfont.ximg
[!] File already indexed in oeneyeDB. Skipping.

[*] [OENEYE Master Engine]: Processing [.save] -> oeneye_align.py.save
[!] File already indexed in oeneyeDB. Skipping.

[*] [OENEYE Master Engine]: Processing [.json] -> oeneye_invoices_codex.json
[!] File already indexed in oeneyeDB. Skipping.

[*] [OENEYE Master Engine]: Processing [.json] -> oeneye_label.json
[!] File already indexed in oeneyeDB. Skipping.

[*] [OENEYE Master Engine]: Processing [.html] -> oeneye_movie.html
[!] File already indexed in oeneyeDB. Skipping.

[*] [OENEYE Master Engine]: Processing [.png] -> oeneye_s.png
[!] File already indexed in oeneyeDB. Skipping.

[*] [OENEYE Master Engine]: Processing [.json] -> oeneye_zenodo_payload.json
[!] File already indexed in oeneyeDB. Skipping.

[*] [OENEYE Master Engine]: Processing [.xdll] -> oeneyepdf
[!] File already indexed in oeneyeDB. Skipping.

[*] [OENEYE Master Engine]: Processing [.c] -> oeneyepdf.c
[!] File already indexed in oeneyeDB. Skipping.

[*] [OENEYE Master Engine]: Processing [.pdf (2)] -> omq_vector_as_8x16.pdf (2)
[!] File already indexed in oeneyeDB. Skipping.

[*] [OENEYE Master Engine]: Processing [.pdf (3)] -> omq_vector_as_8x16.pdf (3)
[!] File already indexed in oeneyeDB. Skipping.

[*] [OENEYE Master Engine]: Processing [.json] -> record.json
[!] File already indexed in oeneyeDB. Skipping.

[*] [OENEYE Master Engine]: Processing [.zip] -> mosfetq-dos-0.5-source.zip
[!] File already indexed in oeneyeDB. Skipping.

[*] [OENEYE Master Engine]: Processing [.zip] -> mosfetq-dos-0.6-source.zip
[!] File already indexed in oeneyeDB. Skipping.

[*] [OENEYE Master Engine]: Processing [.bin] -> supb_dump.bin
[!] File already indexed in oeneyeDB. Skipping.

[*] [OENEYE Master Engine]: Processing [.xdll] -> tall texlive-installer
[!] File already indexed in oeneyeDB. Skipping.

[*] [OENEYE Master Engine]: Processing [.c] -> target_asset.c
[!] File already indexed in oeneyeDB. Skipping.

[*] [OENEYE Master Engine]: Processing [.png] -> test.png
[!] File already indexed in oeneyeDB. Skipping.

[*] [OENEYE Master Engine]: Processing [.tex] -> test_oeneye.tex
[!] File already indexed in oeneyeDB. Skipping.

[*] [OENEYE Master Engine]: Processing [.zip] -> oeneye-5.0-gecko.zip
[!] File already indexed in oeneyeDB. Skipping.

[*] [OENEYE Master Engine]: Processing [.html] -> trump_profile.html
[!] File already indexed in oeneyeDB. Skipping.

[*] [OENEYE Master Engine]: Processing [.zip] -> oeneye-pack.zip
[!] File already indexed in oeneyeDB. Skipping.

[*] [OENEYE Master Engine]: Processing [.pdf] -> 1.pdf
[!] File already indexed in oeneyeDB. Skipping.

[*] [OENEYE Master Engine]: Processing [.zip] -> oeneye-refs-placeholder.zip
[!] File already indexed in oeneyeDB. Skipping.

[*] [OENEYE Master Engine]: Processing [.pdf] -> FAT77_Kernel_Architecture.pdf
[!] File already indexed in oeneyeDB. Skipping.

[*] [OENEYE Master Engine]: Processing [.pdf] -> Fibonacci_Magnetism_Manifold.pdf
[!] File already indexed in oeneyeDB. Skipping.

[*] [OENEYE Master Engine]: Processing [.zip] -> oeneyeCURL.zip
[!] File already indexed in oeneyeDB. Skipping.

[*] [OENEYE Master Engine]: Processing [.zip] -> oeneyeMOSFETQfont.zip
[!] File already indexed in oeneyeDB. Skipping.

[*] [OENEYE Master Engine]: Processing [.pdf] -> Radius0_Fulcrum_Coupling.pdf
[!] File already indexed in oeneyeDB. Skipping.

[*] [OENEYE Master Engine]: Processing [.pdf] -> Radius0_StandardModel_Fulfillment.pdf
[!] File already indexed in oeneyeDB. Skipping.

[*] [OENEYE Master Engine]: Processing [.pdf] -> Radius_0_Invariance_Postulate.pdf
[!] File already indexed in oeneyeDB. Skipping.

[*] [OENEYE Master Engine]: Processing [.pdf] -> Radius_0_Variance_Theory.pdf
[!] File already indexed in oeneyeDB. Skipping.

[*] [OENEYE Master Engine]: Processing [.pdf] -> STARv3_Stabilizer_Protocol.pdf
[!] File already indexed in oeneyeDB. Skipping.

[*] [OENEYE Master Engine]: Processing [.pdf] -> Unified Master Framework oeneye and Inertia Probability (1).pdf
[!] File already indexed in oeneyeDB. Skipping.

[*] [OENEYE Master Engine]: Processing [.pdf] -> Unified_Radius_0_Theory.pdf
[!] File already indexed in oeneyeDB. Skipping.

[*] [OENEYE Master Engine]: Processing [.log] -> chapter_architecture.log
[!] File already indexed in oeneyeDB. Skipping.

[*] [OENEYE Master Engine]: Processing [.pdf] -> cnnn_manifold_report.pdf
[!] File already indexed in oeneyeDB. Skipping.

[*] [OENEYE Master Engine]: Processing [.pdf] -> dnb_publication.pdf
[!] File already indexed in oeneyeDB. Skipping.

[*] [OENEYE Master Engine]: Processing [.pdf] -> draft_MOSFETQ.pdf
[!] File already indexed in oeneyeDB. Skipping.

[*] [OENEYE Master Engine]: Processing [.zip] -> oeneye-ntfs.zip
[!] File already indexed in oeneyeDB. Skipping.

[*] [OENEYE Master Engine]: Processing [.zip] -> oeneye-wg-server.zip
[!] File already indexed in oeneyeDB. Skipping.

[*] [OENEYE Master Engine]: Processing [.zip] -> oeneye-xima.zip
[!] File already indexed in oeneyeDB. Skipping.

[*] [OENEYE Master Engine]: Processing [.pdf] -> compiling_nasa_nastran.pdf
[!] File already indexed in oeneyeDB. Skipping.

[*] [OENEYE Master Engine]: Processing [.pdf] -> dyscalculia_clinical_protocol_v2.pdf
[!] File already indexed in oeneyeDB. Skipping.

[*] [OENEYE Master Engine]: Processing [.pdf] -> fraktur_infinity.pdf
[!] File already indexed in oeneyeDB. Skipping.

[*] [OENEYE Master Engine]: Processing [.pdf] -> fraktur_infinity_final_synthesis.pdf
[!] File already indexed in oeneyeDB. Skipping.

[*] [OENEYE Master Engine]: Processing [.pdf] -> gemini_deletion_incident.pdf
[!] File already indexed in oeneyeDB. Skipping.

[*] [OENEYE Master Engine]: Processing [.zip] -> oeneyephraser-firefoxos.zip
[!] File already indexed in oeneyeDB. Skipping.

[*] [OENEYE Master Engine]: Processing [.log] -> manifold_verification.log
[!] File already indexed in oeneyeDB. Skipping.

[*] [OENEYE Master Engine]: Processing [.pdf] -> oeneye_sdk_readme.pdf
[!] File already indexed in oeneyeDB. Skipping.

[*] [OENEYE Master Engine]: Processing [.gz] -> oeneye_workspace_backup.tar.gz
[!] File already indexed in oeneyeDB. Skipping.

[*] [OENEYE Master Engine]: Processing [.html] -> ig_post.html
[!] File already indexed in oeneyeDB. Skipping.

[*] [OENEYE Master Engine]: Processing [.pdf] -> 2she0y.pdf
[!] File already indexed in oeneyeDB. Skipping.

[*] [OENEYE Master Engine]: Processing [.bin] -> bird_loader_lba2.bin
[!] File already indexed in oeneyeDB. Skipping.

[*] [OENEYE Master Engine]: Processing [.gz] -> oeneyeos_v0.2_archive.tar.gz
[!] File already indexed in oeneyeDB. Skipping.

[*] [OENEYE Master Engine]: Processing [.pdf] -> oeneyepdf-test.pdf
[!] File already indexed in oeneyeDB. Skipping.

[*] [OENEYE Master Engine]: Processing [.pdf] -> oeneyesdk_lfn_erratum.pdf
[!] File already indexed in oeneyeDB. Skipping.

[*] [OENEYE Master Engine]: Processing [.pdf] -> patient_action_protocol.pdf
[!] File already indexed in oeneyeDB. Skipping.

[*] [OENEYE Master Engine]: Processing [.pdf] -> quantumthermostatic_3month_plan.pdf
[!] File already indexed in oeneyeDB. Skipping.

[*] [OENEYE Master Engine]: Processing [.pdf] -> quantumthermostatic_invention_profile.pdf
[!] File already indexed in oeneyeDB. Skipping.

[*] [OENEYE Master Engine]: Processing [.aux] -> test_oeneye.aux
[!] File already indexed in oeneyeDB. Skipping.

[*] [OENEYE Master Engine]: Processing [.json] -> oeneyeAuth_context.json
[!] File already indexed in oeneyeDB. Skipping.

[*] [OENEYE Master Engine]: Processing [.html] -> share.html
[!] File already indexed in oeneyeDB. Skipping.

[*] [OENEYE Master Engine]: Processing [.grammar] -> oeneyeToken.grammar
[!] File already indexed in oeneyeDB. Skipping.

[*] [OENEYE Master Engine]: Processing [.toml] -> Cargo.toml
[!] File already indexed in oeneyeDB. Skipping.

[*] [OENEYE Master Engine]: Processing [.html] -> bing_search.html
[!] File already indexed in oeneyeDB. Skipping.

[*] [OENEYE Master Engine]: Processing [.zip] -> oeneyec-test-tree.zip
[!] File already indexed in oeneyeDB. Skipping.

[*] [OENEYE Master Engine]: Processing [.pdf] -> mada_submission_summary.pdf
[!] File already indexed in oeneyeDB. Skipping.

[*] [OENEYE Master Engine]: Processing [.log] -> missfont.log
[!] File already indexed in oeneyeDB. Skipping.

[*] [OENEYE Master Engine]: Processing [.aux] -> monograph.aux
[!] File already indexed in oeneyeDB. Skipping.

[*] [OENEYE Master Engine]: Processing [.log] -> monograph.log
[!] File already indexed in oeneyeDB. Skipping.

[*] [OENEYE Master Engine]: Processing [.pdf] -> monograph.pdf
[!] File already indexed in oeneyeDB. Skipping.

[*] [OENEYE Master Engine]: Processing [.pdf] -> nbn_resource.pdf
[!] File already indexed in oeneyeDB. Skipping.

[*] [OENEYE Master Engine]: Processing [.gz] -> oeneye_asset_omq.tar.gz
[!] File already indexed in oeneyeDB. Skipping.

[*] [OENEYE Master Engine]: Processing [.log] -> oeneye_audit.log
[!] File already indexed in oeneyeDB. Skipping.

[*] [OENEYE Master Engine]: Processing [.log] -> oeneye_kernel_runtime.log
[!] File already indexed in oeneyeDB. Skipping.

[*] [OENEYE Master Engine]: Processing [.pdf] -> oeneye_nested_scope.pdf
[!] File already indexed in oeneyeDB. Skipping.

[*] [OENEYE Master Engine]: Processing [.html] -> fb_post.html
[!] File already indexed in oeneyeDB. Skipping.

[*] [OENEYE Master Engine]: Processing [.pdf] -> rheinmetall_cv.pdf
[!] File already indexed in oeneyeDB. Skipping.

[*] [OENEYE Master Engine]: Processing [.pdf] -> summary.pdf
[!] File already indexed in oeneyeDB. Skipping.

[*] [OENEYE Master Engine]: Processing [.pdf] -> trex_bribery_app.pdf
[!] File already indexed in oeneyeDB. Skipping.

[*] [OENEYE Master Engine]: Processing [.zip] -> mosfetq-dos-hello-sample-v2-with-bird-lash.zip
[!] File already indexed in oeneyeDB. Skipping.

[*] [OENEYE Master Engine]: Processing [.asm] -> boot_bird_lash_patch.asm
[!] File already indexed in oeneyeDB. Skipping.

[*] [OENEYE Master Engine]: Processing [.sha256] -> combined_checksums.sha256
[!] File already indexed in oeneyeDB. Skipping.

[*] [OENEYE Master Engine]: Processing [.log] -> gh-diagnostic.log
[!] File already indexed in oeneyeDB. Skipping.

[*] [OENEYE Master Engine]: Processing [.gz] -> oeneye-chat.tar.gz
[!] File already indexed in oeneyeDB. Skipping.

[*] [OENEYE Master Engine]: Processing [.sha256] -> share.html.sha256
[!] File already indexed in oeneyeDB. Skipping.

[*] [OENEYE Master Engine]: Processing [.gz] -> oeneyeAuth_context.tar.gz
[!] File already indexed in oeneyeDB. Skipping.

[*] [OENEYE Master Engine]: Processing [.pdf] -> Radius_0_Invariance_Postulate-1.pdf
[!] File already indexed in oeneyeDB. Skipping.

[*] [OENEYE Master Engine]: Processing [.pdf] -> Unified_Radius0_Manifold_Tier.pdf
[!] File already indexed in oeneyeDB. Skipping.

[*] [OENEYE Master Engine]: Processing [.aux] -> chapter_architecture.aux
[!] File already indexed in oeneyeDB. Skipping.

[*] [OENEYE Master Engine]: Processing [.pdf] -> chapter_architecture.pdf
[!] File already indexed in oeneyeDB. Skipping.

[*] [OENEYE Master Engine]: Processing [.zip] -> oeneye-telemetry.zip
[!] File already indexed in oeneyeDB. Skipping.

[*] [OENEYE Master Engine]: Processing [.pdf] -> fraktur_infinity_lemniscate.pdf
[!] File already indexed in oeneyeDB. Skipping.

[*] [OENEYE Master Engine]: Processing [.pdf] -> fraktur_infinity_symbol.pdf
[!] File already indexed in oeneyeDB. Skipping.

[*] [OENEYE Master Engine]: Processing [.pdf] -> manifold_maga_report.pdf
[!] File already indexed in oeneyeDB. Skipping.

[*] [OENEYE Master Engine]: Processing [.log] -> oeneye_daemon.log
[+] Successfully indexed oeneye_daemon.log as [.log] into oeneyeDB.

[*] [OENEYE Master Engine]: Processing [.log] -> oeneye_rack.log
[!] File already indexed in oeneyeDB. Skipping.

[*] [OENEYE Master Engine]: Processing [.gz] -> oeneye_release_v1.0.tar.gz
[!] File already indexed in oeneyeDB. Skipping.

[*] [OENEYE Master Engine]: Processing [.zip] -> mosfetq-dos-hello-sample.zip
[!] File already indexed in oeneyeDB. Skipping.

[*] [OENEYE Master Engine]: Processing [.pdf] -> omq_vector_as_8x16.pdf
[!] File already indexed in oeneyeDB. Skipping.

[*] [OENEYE Master Engine]: Processing [.sha256] -> checksums.sha256
[!] File already indexed in oeneyeDB. Skipping.

[*] [OENEYE Master Engine]: Processing [.html] -> auth_response.html
[!] File already indexed in oeneyeDB. Skipping.

[*] [OENEYE Master Engine]: Processing [.log] -> test_oeneye.log
[!] File already indexed in oeneyeDB. Skipping.

[*] [OENEYE Master Engine]: Processing [.sha256] -> auth_response.html.sha256
[!] File already indexed in oeneyeDB. Skipping.

[*] [OENEYE Master Engine]: Processing [.html] -> ximg_response.html
[!] File already indexed in oeneyeDB. Skipping.

[*] [OENEYE Master Engine]: Processing [.sha256] -> ximg_response.html.sha256
[!] File already indexed in oeneyeDB. Skipping.

[*] [OENEYE Master Engine]: Processing [.json] -> perplexity_response.json
[!] File already indexed in oeneyeDB. Skipping.

[*] [OENEYE Master Engine]: Processing [.sha256] -> manifest.sha256
[!] File already indexed in oeneyeDB. Skipping.

[*] [OENEYE Master Engine]: Processing [.log] -> oeneye_deployment_audit.log
[!] File already indexed in oeneyeDB. Skipping.

[*] [OENEYE Master Engine]: Processing [.md5] -> checksums.md5
[!] File already indexed in oeneyeDB. Skipping.

[*] [OENEYE Master Engine]: Processing [.pdf] -> trump_beneficiaro_profile.pdf
[!] File already indexed in oeneyeDB. Skipping.

[*] [OENEYE Master Engine]: Processing [.png] -> BIRD_1024_white.png
[!] File already indexed in oeneyeDB. Skipping.

[*] [OENEYE Master Engine]: Processing [.webp] -> BIRD_Laifsmitch_1024.webp
[!] File already indexed in oeneyeDB. Skipping.

[*] [OENEYE Master Engine]: Processing [.img] -> hello_bird_lba2.img
[!] File already indexed in oeneyeDB. Skipping.

[*] [OENEYE Master Engine]: Processing [.pdf] -> test.pdf
[!] File already indexed in oeneyeDB. Skipping.

[*] [OENEYE Master Engine]: Processing [.xdll] -> earch 7z
[!] File already indexed in oeneyeDB. Skipping.

[*] [OENEYE Master Engine]: Processing [.sha256] -> oeneyeAuth_context.json.sha256
[!] File already indexed in oeneyeDB. Skipping.

[*] [OENEYE Master Engine]: Processing [.sha256] -> oeneyeAuth_context.tar.gz.sha256
[!] File already indexed in oeneyeDB. Skipping.

[*] [OENEYE Master Engine]: Processing [.xdll] -> oeneyeToken
[!] File already indexed in oeneyeDB. Skipping.

[*] [OENEYE Master Engine]: Processing [.lock] -> Cargo.lock
[!] File already indexed in oeneyeDB. Skipping.

[*] [OENEYE Master Engine]: Processing [.html] -> phia_page.html
[!] File already indexed in oeneyeDB. Skipping.

[*] [OENEYE Master Engine]: Processing [.html] -> phia_share.html
[!] File already indexed in oeneyeDB. Skipping.

[*] [OENEYE Master Engine]: Processing [.log] -> LEDGER_SYNC.LOG
[!] File already indexed in oeneyeDB. Skipping.

[*] [OENEYE Master Engine]: Processing [.fnt] -> OMQ.FNT
[!] File already indexed in oeneyeDB. Skipping.

[*] [OENEYE Master Engine]: Processing [.pyc] -> __init__.cpython-312.pyc
[!] File already indexed in oeneyeDB. Skipping.

[*] [OENEYE Master Engine]: Processing [.pyc] -> bridge_oeneye_chaosnet.cpython-312.pyc
[!] File already indexed in oeneyeDB. Skipping.

[*] [OENEYE Master Engine]: Processing [.pyc] -> chaosnet_codec.cpython-312.pyc
[!] File already indexed in oeneyeDB. Skipping.

[*] [OENEYE Master Engine]: Processing [.iso] -> oeneye.iso
[!] File already indexed in oeneyeDB. Skipping.

[*] [OENEYE Master Engine]: Processing [.pyc] -> decode_oeneye_chaosnet.cpython-312.pyc
[!] File already indexed in oeneyeDB. Skipping.

[*] [OENEYE Master Engine]: Processing [.pyc] -> emu_dos.cpython-312.pyc
[!] File already indexed in oeneyeDB. Skipping.

[*] [OENEYE Master Engine]: Processing [.json] -> 22845198.json
[!] File already indexed in oeneyeDB. Skipping.

[*] [OENEYE Master Engine]: Processing [.json] -> 22911730.json
[!] File already indexed in oeneyeDB. Skipping.

[*] [OENEYE Master Engine]: Processing [.pyc] -> filesystem.cpython-312.pyc
[!] File already indexed in oeneyeDB. Skipping.

[*] [OENEYE Master Engine]: Processing [.json] -> 22958760.json
[!] File already indexed in oeneyeDB. Skipping.

[*] [OENEYE Master Engine]: Processing [.pdf] -> test_oeneye.pdf
[!] File already indexed in oeneyeDB. Skipping.

[*] [OENEYE Master Engine]: Processing [.json] -> 22973669.json
[!] File already indexed in oeneyeDB. Skipping.

[*] [OENEYE Master Engine]: Processing [.json] -> 22983037.json
[!] File already indexed in oeneyeDB. Skipping.

[*] [OENEYE Master Engine]: Processing [.img] -> 86_dos_v0.1_original.img
[!] File already indexed in oeneyeDB. Skipping.

[*] [OENEYE Master Engine]: Processing [.bat] -> AUTOEXEC.BAT
[!] File already indexed in oeneyeDB. Skipping.

[*] [OENEYE Master Engine]: Processing [.img] -> DOSoeneyeNT.img
[!] File already indexed in oeneyeDB. Skipping.

[*] [OENEYE Master Engine]: Processing [.xdll] -> FILENAME_HERE
[!] File already indexed in oeneyeDB. Skipping.

[*] [OENEYE Master Engine]: Processing [.xdll] -> Mada Innovation Award
[!] File already indexed in oeneyeDB. Skipping.

[*] [OENEYE Master Engine]: Processing [.xdll] -> Makefile
[!] File already indexed in oeneyeDB. Skipping.

[*] [OENEYE Master Engine]: Processing [.img] -> NToeneyeDOS.img
[!] File already indexed in oeneyeDB. Skipping.

[*] [OENEYE Master Engine]: Processing [.doc] -> Notenspiegel.doc
[!] File already indexed in oeneyeDB. Skipping.

[*] [OENEYE Master Engine]: Processing [.md] -> OENEYE_EULA.md
[!] File already indexed in oeneyeDB. Skipping.

[*] [OENEYE Master Engine]: Processing [.ttf] -> OMQ.ttf
[!] File already indexed in oeneyeDB. Skipping.

[*] [OENEYE Master Engine]: Processing [.sha256] -> OMQ.ttf.sha256
[!] File already indexed in oeneyeDB. Skipping.

[*] [OENEYE Master Engine]: Processing [.bin] -> OQM_file.bin
[!] File already indexed in oeneyeDB. Skipping.

[*] [OENEYE Master Engine]: Processing [.m] -> OeneyeClock.m
[!] File already indexed in oeneyeDB. Skipping.

[*] [OENEYE Master Engine]: Processing [.png] -> Screenshot_20260727-150025.png
[!] File already indexed in oeneyeDB. Skipping.

[*] [OENEYE Master Engine]: Processing [.md] -> TODO.md
[!] File already indexed in oeneyeDB. Skipping.

[*] [OENEYE Master Engine]: Processing [.ximg] -> User1.ximg
[!] File already indexed in oeneyeDB. Skipping.

[*] [OENEYE Master Engine]: Processing [.xdll] -> VERSION_TARGET
[!] File already indexed in oeneyeDB. Skipping.

[*] [OENEYE Master Engine]: Processing [.html] -> ig_story.html
[!] File already indexed in oeneyeDB. Skipping.

[*] [OENEYE Master Engine]: Processing [.pyc] -> kernel.cpython-312.pyc
[!] File already indexed in oeneyeDB. Skipping.

[*] [OENEYE Master Engine]: Processing [.pyc] -> oeneye_hotspot.cpython-312.pyc
[!] File already indexed in oeneyeDB. Skipping.

[*] [OENEYE Master Engine]: Processing [.pyc] -> oeneye_master_init.cpython-312.pyc
[!] File already indexed in oeneyeDB. Skipping.

[*] [OENEYE Master Engine]: Processing [.pyc] -> oeneyeasm.cpython-312.pyc
[!] File already indexed in oeneyeDB. Skipping.

[*] [OENEYE Master Engine]: Processing [.pyc] -> sync_hub.cpython-313.pyc
[!] File already indexed in oeneyeDB. Skipping.

[*] [OENEYE Master Engine]: Processing [.zip] -> mosfetq-dos-gold-source.zip
[!] File already indexed in oeneyeDB. Skipping.

[*] [OENEYE Master Engine]: Processing [.md] -> README.md
[!] File already indexed in oeneyeDB. Skipping.

[*] [OENEYE Master Engine]: Processing [.tex] -> chapter_architecture.tex
[!] File already indexed in oeneyeDB. Skipping.

[*] [OENEYE Master Engine]: Processing [.bin] -> chkp_dump.bin
[!] File already indexed in oeneyeDB. Skipping.

[*] [OENEYE Master Engine]: Processing [.xdll] -> content
[!] File already indexed in oeneyeDB. Skipping.

[*] [OENEYE Master Engine]: Processing [.xml] -> datacite.xml
[!] File already indexed in oeneyeDB. Skipping.

[*] [OENEYE Master Engine]: Processing [.bin] -> delta_slice_0_off_000D.bin
[!] File already indexed in oeneyeDB. Skipping.

[*] [OENEYE Master Engine]: Processing [.bin] -> delta_slice_1_off_0130.bin
[!] File already indexed in oeneyeDB. Skipping.

[*] [OENEYE Master Engine]: Processing [.bin] -> delta_slice_2_off_0198.bin
[!] File already indexed in oeneyeDB. Skipping.

[*] [OENEYE Master Engine]: Processing [.bin] -> delta_slice_3_off_0200.bin
[!] File already indexed in oeneyeDB. Skipping.

[*] [OENEYE Master Engine]: Processing [.png] -> dnb_enhanced_highres.png
[!] File already indexed in oeneyeDB. Skipping.

[*] [OENEYE Master Engine]: Processing [.json] -> dos_filesystem_index.json
[!] File already indexed in oeneyeDB. Skipping.

[*] [OENEYE Master Engine]: Processing [.docx] -> draft_MOSFETQ.docx
[!] File already indexed in oeneyeDB. Skipping.

[*] [OENEYE Master Engine]: Processing [.bak] -> emu_dos.bak
[!] File already indexed in oeneyeDB. Skipping.

[*] [OENEYE Master Engine]: Processing [.png] -> extracted_test.png
[!] File already indexed in oeneyeDB. Skipping.

[*] [OENEYE Master Engine]: Processing [.ppm] -> extracted_test.ppm
[!] File already indexed in oeneyeDB. Skipping.

[*] [OENEYE Master Engine]: Processing [.img] -> fat12.img
[!] File already indexed in oeneyeDB. Skipping.

[*] [OENEYE Master Engine]: Processing [.json] -> invoice_pretty.json
[!] File already indexed in oeneyeDB. Skipping.

[*] [OENEYE Master Engine]: Processing [.md] -> invoice_receipt.md
[!] File already indexed in oeneyeDB. Skipping.

[*] [OENEYE Master Engine]: Processing [.png] -> loginbg.png
[!] File already indexed in oeneyeDB. Skipping.

[*] [OENEYE Master Engine]: Processing [.png] -> logo.png
[!] File already indexed in oeneyeDB. Skipping.

[*] [OENEYE Master Engine]: Processing [.bat] -> make_oeneye_refs.bat
[!] File already indexed in oeneyeDB. Skipping.

[*] [OENEYE Master Engine]: Processing [.tex] -> monograph.tex
[!] File already indexed in oeneyeDB. Skipping.

[*] [OENEYE Master Engine]: Processing [.img] -> mosfetq-dos (1).img
[!] File already indexed in oeneyeDB. Skipping.

[*] [OENEYE Master Engine]: Processing [.s] -> mosfetq-dos-0.6.s
[!] File already indexed in oeneyeDB. Skipping.

[*] [OENEYE Master Engine]: Processing [.img] -> mosfetq-dos-1200.img
[!] File already indexed in oeneyeDB. Skipping.

[*] [OENEYE Master Engine]: Processing [.img] -> mosfetq-dos-1440.img
[!] File already indexed in oeneyeDB. Skipping.

[*] [OENEYE Master Engine]: Processing [.img] -> mosfetq-dos-gold-1.0.0.0.1-3.5in-1.44M.img
[!] File already indexed in oeneyeDB. Skipping.

[*] [OENEYE Master Engine]: Processing [.ximg] -> mosfetq-dos-gold-1.0.0.0.1-5.25in-1.2M.ximg
[!] File already indexed in oeneyeDB. Skipping.

[*] [OENEYE Master Engine]: Processing [.img] -> mosfetq-dos-nt-oeneye.img
[!] File already indexed in oeneyeDB. Skipping.

[*] [OENEYE Master Engine]: Processing [.s] -> mosfetq-dos.s
[!] File already indexed in oeneyeDB. Skipping.

[*] [OENEYE Master Engine]: Processing [.bin] -> mosfetq.bin
[!] File already indexed in oeneyeDB. Skipping.

[*] [OENEYE Master Engine]: Processing [.img] -> mosfetq.img
[!] File already indexed in oeneyeDB. Skipping.

[*] [OENEYE Master Engine]: Processing [.img] -> oeneye-compiled.img
[!] File already indexed in oeneyeDB. Skipping.

[*] [OENEYE Master Engine]: Processing [.sty] -> oeneye-font.sty
[!] File already indexed in oeneyeDB. Skipping.

[*] [OENEYE Master Engine]: Processing [.img] -> oeneye-mosfetq-exfat.img
[!] File already indexed in oeneyeDB. Skipping.

[*] [OENEYE Master Engine]: Processing [.img] -> oeneye-mosfetq-fat12.img
[!] File already indexed in oeneyeDB. Skipping.

[*] [OENEYE Master Engine]: Processing [.img] -> oeneye-mosfetq-fat16.img
[!] File already indexed in oeneyeDB. Skipping.

[*] [OENEYE Master Engine]: Processing [.img] -> oeneye-refs-downloaded.img
[!] File already indexed in oeneyeDB. Skipping.

[*] [OENEYE Master Engine]: Processing [.vhdx] -> oeneye-refs-new.vhdx
[!] File already indexed in oeneyeDB. Skipping.

[*] [OENEYE Master Engine]: Processing [.img] -> oeneye-refs-vhd.img
[!] File already indexed in oeneyeDB. Skipping.

[*] [OENEYE Master Engine]: Processing [.vhd] -> oeneye-refs.vhd
[!] File already indexed in oeneyeDB. Skipping.

[*] [OENEYE Master Engine]: Processing [.img] -> oeneye-sufficient-v2.img
[!] File already indexed in oeneyeDB. Skipping.

[*] [OENEYE Master Engine]: Processing [.img] -> oeneye.img
[!] File already indexed in oeneyeDB. Skipping.

[*] [OENEYE Master Engine]: Processing [.rc] -> oeneye.rc
[!] File already indexed in oeneyeDB. Skipping.

[*] [OENEYE Master Engine]: Processing [.xdll] -> oeneyeVNC
[!] File already indexed in oeneyeDB. Skipping.

[*] [OENEYE Master Engine]: Processing [.json] -> oeneye_dual_channel_ledger.json
[!] File already indexed in oeneyeDB. Skipping.

[*] [OENEYE Master Engine]: Processing [.html] -> oeneye_ecosystem_stream.html
[!] File already indexed in oeneyeDB. Skipping.

[*] [OENEYE Master Engine]: Processing [.json] -> oeneye_mainframe_declaration.json
[!] File already indexed in oeneyeDB. Skipping.

[*] [OENEYE Master Engine]: Processing [.tex] -> oeneye_monograph.tex
[!] File already indexed in oeneyeDB. Skipping.

[*] [OENEYE Master Engine]: Processing [.html] -> oeneye_movie_full.html
[!] File already indexed in oeneyeDB. Skipping.

[*] [OENEYE Master Engine]: Processing [.xdll] -> kernel
[!] File already indexed in oeneyeDB. Skipping.

[*] [OENEYE Master Engine]: Processing [.tex] -> rc_v04_specification.tex
[!] File already indexed in oeneyeDB. Skipping.

[*] [OENEYE Master Engine]: Processing [.vhdx] -> refs-oeneye.vhdx
[!] File already indexed in oeneyeDB. Skipping.

[*] [OENEYE Master Engine]: Processing [.bin] -> test.bin
[!] File already indexed in oeneyeDB. Skipping.

[*] [OENEYE Master Engine]: Processing [.com] -> test.com
[!] File already indexed in oeneyeDB. Skipping.

[*] [OENEYE Master Engine]: Processing [.ppm] -> test.ppm
[!] File already indexed in oeneyeDB. Skipping.

[*] [OENEYE Master Engine]: Processing [.profile] -> texlive.profile
[!] File already indexed in oeneyeDB. Skipping.

[*] [OENEYE Master Engine]: Processing [.zip] -> mosfetq-dos-0.3-source.zip
[!] File already indexed in oeneyeDB. Skipping.

[*] [OENEYE Master Engine]: Processing [.zip] -> mosfetq-dos-0.4-gold-rc.zip
[!] File already indexed in oeneyeDB. Skipping.

[*] [OENEYE Master Engine]: Processing [.zip] -> mosfetq-dos-0.4-rc1.zip
[!] File already indexed in oeneyeDB. Skipping.

[*] [OENEYE Master Engine]: Processing [.html] -> truth_post.html
[!] File already indexed in oeneyeDB. Skipping.

[*] [OENEYE Master Engine]: Processing [.zip] -> mosfetq-dos-gold-1.0.0.0.1-source.zip
[!] File already indexed in oeneyeDB. Skipping.

[*] [OENEYE Master Engine]: Processing [.html] -> viewer.html
[!] File already indexed in oeneyeDB. Skipping.

[*] [OENEYE Master Engine]: Processing [.zip] -> mosfetq-dos-nt-oeneye.zip
[!] File already indexed in oeneyeDB. Skipping.

[*] [OENEYE Master Engine]: Processing [.img] -> mosfetq-dos.img
[!] File already indexed in oeneyeDB. Skipping.

[*] [OENEYE Master Engine]: Processing [.pdf] -> Executive_Summary_Radius0.pdf
[!] File already indexed in oeneyeDB. Skipping.

[*] [OENEYE Master Engine]: Processing [.pdf] -> Minus_G_Vortex_Research_Synthesis.pdf
[!] File already indexed in oeneyeDB. Skipping.

[*] [OENEYE Master Engine]: Processing [.pdf] -> OENEYE_EULA (1).pdf
[!] File already indexed in oeneyeDB. Skipping.

[*] [OENEYE Master Engine]: Processing [.pdf] -> OENEYE_EULA (2).pdf
[!] File already indexed in oeneyeDB. Skipping.

[*] [OENEYE Master Engine]: Processing [.zip] -> oeneye-artwork-fat-bundle-v1.zip
[!] File already indexed in oeneyeDB. Skipping.

[*] [OENEYE Master Engine]: Processing [.pdf] -> OENEYE_EULA.pdf
[!] File already indexed in oeneyeDB. Skipping.

[*] [OENEYE Master Engine]: Processing [.log] -> OMQ.log
[!] File already indexed in oeneyeDB. Skipping.

[*] [OENEYE Master Engine]: Processing [.pdf] -> Obsidian_Brain_Mainframe_Declaration.pdf
[!] File already indexed in oeneyeDB. Skipping.

[*] [OENEYE Master Engine]: Processing [.pdf] -> PGCertQts-1.pdf
[!] File already indexed in oeneyeDB. Skipping.

[*] [OENEYE Master Engine]: Processing [.pdf] -> dnb_record.pdf
[!] File already indexed in oeneyeDB. Skipping.

[*] [OENEYE Master Engine]: Processing [.zip] -> oeneye-artwork-master-v1.1.zip
[!] File already indexed in oeneyeDB. Skipping.

[*] [OENEYE Master Engine]: Processing [.pdf] -> Radius0_Labyrinth_Manifest.pdf
[!] File already indexed in oeneyeDB. Skipping.

[*] [OENEYE Master Engine]: Processing [.zip] -> oeneye-artwork-refs-locked-bundle-v1.zip
[!] File already indexed in oeneyeDB. Skipping.

[*] [OENEYE Master Engine]: Processing [.zip] -> oeneye-distro-logo.zip
[!] File already indexed in oeneyeDB. Skipping.

[*] [OENEYE Master Engine]: Processing [.pdf] -> Radius0_FTP_Presentation_Deck.pdf
[!] File already indexed in oeneyeDB. Skipping.

[*] [OENEYE Master Engine]: Processing [.pdf] -> Radius0_Final_Fulfillment_Summary.pdf
[!] File already indexed in oeneyeDB. Skipping.

[*] [OENEYE Master Engine]: Processing [.html] -> index.html
[!] File already indexed in oeneyeDB. Skipping.

[*] [OENEYE Master Engine]: Processing [.db] -> invoice_database.db
[!] File already indexed in oeneyeDB. Skipping.

[*] [OENEYE Master Engine]: Processing [.xdll] -> ler
[!] File already indexed in oeneyeDB. Skipping.

[*] [OENEYE Master Engine]: Processing [.html] -> maga_post.html
[!] File already indexed in oeneyeDB. Skipping.

[*] [OENEYE Master Engine]: Processing [.json] -> metadata.json
[!] File already indexed in oeneyeDB. Skipping.

[*] [OENEYE Master Engine]: Processing [.img] -> mosfetq-dos-gold.img
[!] File already indexed in oeneyeDB. Skipping.

[*] [OENEYE Master Engine]: Processing [.s] -> mosfetq.s
[!] File already indexed in oeneyeDB. Skipping.

[*] [OENEYE Master Engine]: Processing [.img] -> oeneye-00x00.img
[!] File already indexed in oeneyeDB. Skipping.

[*] [OENEYE Master Engine]: Processing [.img] -> oeneye-bootstrap-bootable.img
[!] File already indexed in oeneyeDB. Skipping.

[*] [OENEYE Master Engine]: Processing [.img] -> oeneye-bootstrap.img
[!] File already indexed in oeneyeDB. Skipping.

[*] [OENEYE Master Engine]: Processing [.img] -> oeneye-ext4.img
[!] File already indexed in oeneyeDB. Skipping.

[*] [OENEYE Master Engine]: Processing [.img] -> oeneye-mosfetq-fat32.img
[!] File already indexed in oeneyeDB. Skipping.

[*] [OENEYE Master Engine]: Processing [.img] -> oeneye-ntfs.img
[!] File already indexed in oeneyeDB. Skipping.

[*] [OENEYE Master Engine]: Processing [.img] -> oeneye-phone.img
[!] File already indexed in oeneyeDB. Skipping.

[*] [OENEYE Master Engine]: Processing [.img] -> oeneye-refs-vhd-converted.img
[!] File already indexed in oeneyeDB. Skipping.

[*] [OENEYE Master Engine]: Processing [.vhdx] -> oeneye-refs.vhdx
[!] File already indexed in oeneyeDB. Skipping.

[*] [OENEYE Master Engine]: Processing [.img] -> oeneye-upscaled-32m.img
[!] File already indexed in oeneyeDB. Skipping.

[*] [OENEYE Master Engine]: Processing [.ximg] -> oeneyeTESTfont.ximg
[!] File already indexed in oeneyeDB. Skipping.

[*] [OENEYE Master Engine]: Processing [.save] -> oeneye_align.py.save
[!] File already indexed in oeneyeDB. Skipping.

[*] [OENEYE Master Engine]: Processing [.json] -> oeneye_invoices_codex.json
[!] File already indexed in oeneyeDB. Skipping.

[*] [OENEYE Master Engine]: Processing [.json] -> oeneye_label.json
[!] File already indexed in oeneyeDB. Skipping.

[*] [OENEYE Master Engine]: Processing [.html] -> oeneye_movie.html
[!] File already indexed in oeneyeDB. Skipping.

[*] [OENEYE Master Engine]: Processing [.png] -> oeneye_s.png
[!] File already indexed in oeneyeDB. Skipping.

[*] [OENEYE Master Engine]: Processing [.json] -> oeneye_zenodo_payload.json
[!] File already indexed in oeneyeDB. Skipping.

[*] [OENEYE Master Engine]: Processing [.xdll] -> oeneyepdf
[!] File already indexed in oeneyeDB. Skipping.

[*] [OENEYE Master Engine]: Processing [.c] -> oeneyepdf.c
[!] File already indexed in oeneyeDB. Skipping.

[*] [OENEYE Master Engine]: Processing [.pdf (2)] -> omq_vector_as_8x16.pdf (2)
[!] File already indexed in oeneyeDB. Skipping.

[*] [OENEYE Master Engine]: Processing [.pdf (3)] -> omq_vector_as_8x16.pdf (3)
[!] File already indexed in oeneyeDB. Skipping.

[*] [OENEYE Master Engine]: Processing [.json] -> record.json
[!] File already indexed in oeneyeDB. Skipping.

[*] [OENEYE Master Engine]: Processing [.zip] -> mosfetq-dos-0.5-source.zip
[!] File already indexed in oeneyeDB. Skipping.

[*] [OENEYE Master Engine]: Processing [.zip] -> mosfetq-dos-0.6-source.zip
[!] File already indexed in oeneyeDB. Skipping.

[*] [OENEYE Master Engine]: Processing [.bin] -> supb_dump.bin
[!] File already indexed in oeneyeDB. Skipping.

[*] [OENEYE Master Engine]: Processing [.xdll] -> tall texlive-installer
[!] File already indexed in oeneyeDB. Skipping.

[*] [OENEYE Master Engine]: Processing [.c] -> target_asset.c
[!] File already indexed in oeneyeDB. Skipping.

[*] [OENEYE Master Engine]: Processing [.png] -> test.png
[!] File already indexed in oeneyeDB. Skipping.

[*] [OENEYE Master Engine]: Processing [.tex] -> test_oeneye.tex
[!] File already indexed in oeneyeDB. Skipping.

[*] [OENEYE Master Engine]: Processing [.zip] -> oeneye-5.0-gecko.zip
[!] File already indexed in oeneyeDB. Skipping.

[*] [OENEYE Master Engine]: Processing [.html] -> trump_profile.html
[!] File already indexed in oeneyeDB. Skipping.

[*] [OENEYE Master Engine]: Processing [.zip] -> oeneye-pack.zip
[!] File already indexed in oeneyeDB. Skipping.

[*] [OENEYE Master Engine]: Processing [.pdf] -> 1.pdf
[!] File already indexed in oeneyeDB. Skipping.

[*] [OENEYE Master Engine]: Processing [.zip] -> oeneye-refs-placeholder.zip
[!] File already indexed in oeneyeDB. Skipping.

[*] [OENEYE Master Engine]: Processing [.pdf] -> FAT77_Kernel_Architecture.pdf
[!] File already indexed in oeneyeDB. Skipping.

[*] [OENEYE Master Engine]: Processing [.pdf] -> Fibonacci_Magnetism_Manifold.pdf
[!] File already indexed in oeneyeDB. Skipping.

[*] [OENEYE Master Engine]: Processing [.zip] -> oeneyeCURL.zip
[!] File already indexed in oeneyeDB. Skipping.

[*] [OENEYE Master Engine]: Processing [.zip] -> oeneyeMOSFETQfont.zip
[!] File already indexed in oeneyeDB. Skipping.

[*] [OENEYE Master Engine]: Processing [.pdf] -> Radius0_Fulcrum_Coupling.pdf
[!] File already indexed in oeneyeDB. Skipping.

[*] [OENEYE Master Engine]: Processing [.pdf] -> Radius0_StandardModel_Fulfillment.pdf
[!] File already indexed in oeneyeDB. Skipping.

[*] [OENEYE Master Engine]: Processing [.pdf] -> Radius_0_Invariance_Postulate.pdf
[!] File already indexed in oeneyeDB. Skipping.

[*] [OENEYE Master Engine]: Processing [.pdf] -> Radius_0_Variance_Theory.pdf
[!] File already indexed in oeneyeDB. Skipping.

[*] [OENEYE Master Engine]: Processing [.pdf] -> STARv3_Stabilizer_Protocol.pdf
[!] File already indexed in oeneyeDB. Skipping.

[*] [OENEYE Master Engine]: Processing [.pdf] -> Unified Master Framework oeneye and Inertia Probability (1).pdf
[!] File already indexed in oeneyeDB. Skipping.

[*] [OENEYE Master Engine]: Processing [.pdf] -> Unified_Radius_0_Theory.pdf
[!] File already indexed in oeneyeDB. Skipping.

[*] [OENEYE Master Engine]: Processing [.log] -> chapter_architecture.log
[!] File already indexed in oeneyeDB. Skipping.

[*] [OENEYE Master Engine]: Processing [.pdf] -> cnnn_manifold_report.pdf
[!] File already indexed in oeneyeDB. Skipping.

[*] [OENEYE Master Engine]: Processing [.pdf] -> dnb_publication.pdf
[!] File already indexed in oeneyeDB. Skipping.

[*] [OENEYE Master Engine]: Processing [.pdf] -> draft_MOSFETQ.pdf
[!] File already indexed in oeneyeDB. Skipping.

[*] [OENEYE Master Engine]: Processing [.zip] -> oeneye-ntfs.zip
[!] File already indexed in oeneyeDB. Skipping.

[*] [OENEYE Master Engine]: Processing [.zip] -> oeneye-wg-server.zip
[!] File already indexed in oeneyeDB. Skipping.

[*] [OENEYE Master Engine]: Processing [.zip] -> oeneye-xima.zip
[!] File already indexed in oeneyeDB. Skipping.

[*] [OENEYE Master Engine]: Processing [.pdf] -> compiling_nasa_nastran.pdf
[!] File already indexed in oeneyeDB. Skipping.

[*] [OENEYE Master Engine]: Processing [.pdf] -> dyscalculia_clinical_protocol_v2.pdf
[!] File already indexed in oeneyeDB. Skipping.

[*] [OENEYE Master Engine]: Processing [.pdf] -> fraktur_infinity.pdf
[!] File already indexed in oeneyeDB. Skipping.

[*] [OENEYE Master Engine]: Processing [.pdf] -> fraktur_infinity_final_synthesis.pdf
[!] File already indexed in oeneyeDB. Skipping.

[*] [OENEYE Master Engine]: Processing [.pdf] -> gemini_deletion_incident.pdf
[!] File already indexed in oeneyeDB. Skipping.

[*] [OENEYE Master Engine]: Processing [.zip] -> oeneyephraser-firefoxos.zip
[!] File already indexed in oeneyeDB. Skipping.

[*] [OENEYE Master Engine]: Processing [.log] -> manifold_verification.log
[!] File already indexed in oeneyeDB. Skipping.

[*] [OENEYE Master Engine]: Processing [.pdf] -> oeneye_sdk_readme.pdf
[!] File already indexed in oeneyeDB. Skipping.

[*] [OENEYE Master Engine]: Processing [.gz] -> oeneye_workspace_backup.tar.gz
[!] File already indexed in oeneyeDB. Skipping.

[*] [OENEYE Master Engine]: Processing [.html] -> ig_post.html
[!] File already indexed in oeneyeDB. Skipping.

[*] [OENEYE Master Engine]: Processing [.pdf] -> 2she0y.pdf
[!] File already indexed in oeneyeDB. Skipping.

[*] [OENEYE Master Engine]: Processing [.bin] -> bird_loader_lba2.bin
[!] File already indexed in oeneyeDB. Skipping.

[*] [OENEYE Master Engine]: Processing [.gz] -> oeneyeos_v0.2_archive.tar.gz
[!] File already indexed in oeneyeDB. Skipping.

[*] [OENEYE Master Engine]: Processing [.pdf] -> oeneyepdf-test.pdf
[!] File already indexed in oeneyeDB. Skipping.

[*] [OENEYE Master Engine]: Processing [.pdf] -> oeneyesdk_lfn_erratum.pdf
[!] File already indexed in oeneyeDB. Skipping.

[*] [OENEYE Master Engine]: Processing [.pdf] -> patient_action_protocol.pdf
[!] File already indexed in oeneyeDB. Skipping.

[*] [OENEYE Master Engine]: Processing [.pdf] -> quantumthermostatic_3month_plan.pdf
[!] File already indexed in oeneyeDB. Skipping.

[*] [OENEYE Master Engine]: Processing [.pdf] -> quantumthermostatic_invention_profile.pdf
[!] File already indexed in oeneyeDB. Skipping.

[*] [OENEYE Master Engine]: Processing [.aux] -> test_oeneye.aux
[!] File already indexed in oeneyeDB. Skipping.

[*] [OENEYE Master Engine]: Processing [.json] -> oeneyeAuth_context.json
[!] File already indexed in oeneyeDB. Skipping.

[*] [OENEYE Master Engine]: Processing [.html] -> share.html
[!] File already indexed in oeneyeDB. Skipping.

[*] [OENEYE Master Engine]: Processing [.grammar] -> oeneyeToken.grammar
[!] File already indexed in oeneyeDB. Skipping.

[*] [OENEYE Master Engine]: Processing [.toml] -> Cargo.toml
[!] File already indexed in oeneyeDB. Skipping.

[*] [OENEYE Master Engine]: Processing [.html] -> bing_search.html
[!] File already indexed in oeneyeDB. Skipping.

[*] [OENEYE Master Engine]: Processing [.zip] -> oeneyec-test-tree.zip
[!] File already indexed in oeneyeDB. Skipping.

[*] [OENEYE Master Engine]: Processing [.pdf] -> mada_submission_summary.pdf
[!] File already indexed in oeneyeDB. Skipping.

[*] [OENEYE Master Engine]: Processing [.log] -> missfont.log
[!] File already indexed in oeneyeDB. Skipping.

[*] [OENEYE Master Engine]: Processing [.aux] -> monograph.aux
[!] File already indexed in oeneyeDB. Skipping.

[*] [OENEYE Master Engine]: Processing [.log] -> monograph.log
[!] File already indexed in oeneyeDB. Skipping.

[*] [OENEYE Master Engine]: Processing [.pdf] -> monograph.pdf
[!] File already indexed in oeneyeDB. Skipping.

[*] [OENEYE Master Engine]: Processing [.pdf] -> nbn_resource.pdf
[!] File already indexed in oeneyeDB. Skipping.

[*] [OENEYE Master Engine]: Processing [.gz] -> oeneye_asset_omq.tar.gz
[!] File already indexed in oeneyeDB. Skipping.

[*] [OENEYE Master Engine]: Processing [.log] -> oeneye_audit.log
[!] File already indexed in oeneyeDB. Skipping.

[*] [OENEYE Master Engine]: Processing [.log] -> oeneye_kernel_runtime.log
[!] File already indexed in oeneyeDB. Skipping.

[*] [OENEYE Master Engine]: Processing [.pdf] -> oeneye_nested_scope.pdf
[!] File already indexed in oeneyeDB. Skipping.

[*] [OENEYE Master Engine]: Processing [.html] -> fb_post.html
[!] File already indexed in oeneyeDB. Skipping.

[*] [OENEYE Master Engine]: Processing [.pdf] -> rheinmetall_cv.pdf
[!] File already indexed in oeneyeDB. Skipping.

[*] [OENEYE Master Engine]: Processing [.pdf] -> summary.pdf
[!] File already indexed in oeneyeDB. Skipping.

[*] [OENEYE Master Engine]: Processing [.pdf] -> trex_bribery_app.pdf
[!] File already indexed in oeneyeDB. Skipping.

[*] [OENEYE Master Engine]: Processing [.zip] -> mosfetq-dos-hello-sample-v2-with-bird-lash.zip
[!] File already indexed in oeneyeDB. Skipping.

[*] [OENEYE Master Engine]: Processing [.asm] -> boot_bird_lash_patch.asm
[!] File already indexed in oeneyeDB. Skipping.

[*] [OENEYE Master Engine]: Processing [.sha256] -> combined_checksums.sha256
[!] File already indexed in oeneyeDB. Skipping.

[*] [OENEYE Master Engine]: Processing [.log] -> gh-diagnostic.log
[!] File already indexed in oeneyeDB. Skipping.

[*] [OENEYE Master Engine]: Processing [.gz] -> oeneye-chat.tar.gz
[!] File already indexed in oeneyeDB. Skipping.

[*] [OENEYE Master Engine]: Processing [.sha256] -> share.html.sha256
[!] File already indexed in oeneyeDB. Skipping.

[*] [OENEYE Master Engine]: Processing [.gz] -> oeneyeAuth_context.tar.gz
[!] File already indexed in oeneyeDB. Skipping.

[*] [OENEYE Master Engine]: Processing [.pdf] -> Radius_0_Invariance_Postulate-1.pdf
[!] File already indexed in oeneyeDB. Skipping.

[*] [OENEYE Master Engine]: Processing [.pdf] -> Unified_Radius0_Manifold_Tier.pdf
[!] File already indexed in oeneyeDB. Skipping.

[*] [OENEYE Master Engine]: Processing [.aux] -> chapter_architecture.aux
[!] File already indexed in oeneyeDB. Skipping.

[*] [OENEYE Master Engine]: Processing [.pdf] -> chapter_architecture.pdf
[!] File already indexed in oeneyeDB. Skipping.

[*] [OENEYE Master Engine]: Processing [.zip] -> oeneye-telemetry.zip
[!] File already indexed in oeneyeDB. Skipping.

[*] [OENEYE Master Engine]: Processing [.pdf] -> fraktur_infinity_lemniscate.pdf
[!] File already indexed in oeneyeDB. Skipping.

[*] [OENEYE Master Engine]: Processing [.pdf] -> fraktur_infinity_symbol.pdf
[!] File already indexed in oeneyeDB. Skipping.

[*] [OENEYE Master Engine]: Processing [.pdf] -> manifold_maga_report.pdf
[!] File already indexed in oeneyeDB. Skipping.

[*] [OENEYE Master Engine]: Processing [.log] -> oeneye_daemon.log
[+] Successfully indexed oeneye_daemon.log as [.log] into oeneyeDB.

[*] [OENEYE Master Engine]: Processing [.log] -> oeneye_rack.log
[!] File already indexed in oeneyeDB. Skipping.

[*] [OENEYE Master Engine]: Processing [.gz] -> oeneye_release_v1.0.tar.gz
[!] File already indexed in oeneyeDB. Skipping.

[*] [OENEYE Master Engine]: Processing [.zip] -> mosfetq-dos-hello-sample.zip
[!] File already indexed in oeneyeDB. Skipping.

[*] [OENEYE Master Engine]: Processing [.pdf] -> omq_vector_as_8x16.pdf
[!] File already indexed in oeneyeDB. Skipping.

[*] [OENEYE Master Engine]: Processing [.sha256] -> checksums.sha256
[!] File already indexed in oeneyeDB. Skipping.

[*] [OENEYE Master Engine]: Processing [.html] -> auth_response.html
[!] File already indexed in oeneyeDB. Skipping.

[*] [OENEYE Master Engine]: Processing [.log] -> test_oeneye.log
[!] File already indexed in oeneyeDB. Skipping.

[*] [OENEYE Master Engine]: Processing [.sha256] -> auth_response.html.sha256
[!] File already indexed in oeneyeDB. Skipping.

[*] [OENEYE Master Engine]: Processing [.html] -> ximg_response.html
[!] File already indexed in oeneyeDB. Skipping.

[*] [OENEYE Master Engine]: Processing [.sha256] -> ximg_response.html.sha256
[!] File already indexed in oeneyeDB. Skipping.

[*] [OENEYE Master Engine]: Processing [.json] -> perplexity_response.json
[!] File already indexed in oeneyeDB. Skipping.

[*] [OENEYE Master Engine]: Processing [.sha256] -> manifest.sha256
[!] File already indexed in oeneyeDB. Skipping.

[*] [OENEYE Master Engine]: Processing [.log] -> oeneye_deployment_audit.log
[!] File already indexed in oeneyeDB. Skipping.

[*] [OENEYE Master Engine]: Processing [.md5] -> checksums.md5
[!] File already indexed in oeneyeDB. Skipping.

[*] [OENEYE Master Engine]: Processing [.pdf] -> trump_beneficiaro_profile.pdf
[!] File already indexed in oeneyeDB. Skipping.

[*] [OENEYE Master Engine]: Processing [.png] -> BIRD_1024_white.png
[!] File already indexed in oeneyeDB. Skipping.

[*] [OENEYE Master Engine]: Processing [.webp] -> BIRD_Laifsmitch_1024.webp
[!] File already indexed in oeneyeDB. Skipping.

[*] [OENEYE Master Engine]: Processing [.img] -> hello_bird_lba2.img
[!] File already indexed in oeneyeDB. Skipping.

[*] [OENEYE Master Engine]: Processing [.pdf] -> test.pdf
[!] File already indexed in oeneyeDB. Skipping.

[*] [OENEYE Master Engine]: Processing [.xdll] -> earch 7z
[!] File already indexed in oeneyeDB. Skipping.

[*] [OENEYE Master Engine]: Processing [.sha256] -> oeneyeAuth_context.json.sha256
[!] File already indexed in oeneyeDB. Skipping.

[*] [OENEYE Master Engine]: Processing [.sha256] -> oeneyeAuth_context.tar.gz.sha256
[!] File already indexed in oeneyeDB. Skipping.

[*] [OENEYE Master Engine]: Processing [.xdll] -> oeneyeToken
[!] File already indexed in oeneyeDB. Skipping.

[*] [OENEYE Master Engine]: Processing [.lock] -> Cargo.lock
[!] File already indexed in oeneyeDB. Skipping.

[*] [OENEYE Master Engine]: Processing [.html] -> phia_page.html
[!] File already indexed in oeneyeDB. Skipping.

[*] [OENEYE Master Engine]: Processing [.html] -> phia_share.html
[!] File already indexed in oeneyeDB. Skipping.

[*] [OENEYE Master Engine]: Processing [.log] -> LEDGER_SYNC.LOG
[!] File already indexed in oeneyeDB. Skipping.

[*] [OENEYE Master Engine]: Processing [.fnt] -> OMQ.FNT
[!] File already indexed in oeneyeDB. Skipping.

[*] [OENEYE Master Engine]: Processing [.pyc] -> __init__.cpython-312.pyc
[!] File already indexed in oeneyeDB. Skipping.

[*] [OENEYE Master Engine]: Processing [.pyc] -> bridge_oeneye_chaosnet.cpython-312.pyc
[!] File already indexed in oeneyeDB. Skipping.

[*] [OENEYE Master Engine]: Processing [.pyc] -> chaosnet_codec.cpython-312.pyc
[!] File already indexed in oeneyeDB. Skipping.

[*] [OENEYE Master Engine]: Processing [.iso] -> oeneye.iso
[!] File already indexed in oeneyeDB. Skipping.

[*] [OENEYE Master Engine]: Processing [.pyc] -> decode_oeneye_chaosnet.cpython-312.pyc
[!] File already indexed in oeneyeDB. Skipping.

[*] [OENEYE Master Engine]: Processing [.pyc] -> emu_dos.cpython-312.pyc
[!] File already indexed in oeneyeDB. Skipping.

[*] [OENEYE Master Engine]: Processing [.json] -> 22845198.json
[!] File already indexed in oeneyeDB. Skipping.

[*] [OENEYE Master Engine]: Processing [.json] -> 22911730.json
[!] File already indexed in oeneyeDB. Skipping.

[*] [OENEYE Master Engine]: Processing [.pyc] -> filesystem.cpython-312.pyc
[!] File already indexed in oeneyeDB. Skipping.

[*] [OENEYE Master Engine]: Processing [.json] -> 22958760.json
[!] File already indexed in oeneyeDB. Skipping.

[*] [OENEYE Master Engine]: Processing [.pdf] -> test_oeneye.pdf
[!] File already indexed in oeneyeDB. Skipping.

[*] [OENEYE Master Engine]: Processing [.json] -> 22973669.json
[!] File already indexed in oeneyeDB. Skipping.

[*] [OENEYE Master Engine]: Processing [.json] -> 22983037.json
[!] File already indexed in oeneyeDB. Skipping.

[*] [OENEYE Master Engine]: Processing [.img] -> 86_dos_v0.1_original.img
[!] File already indexed in oeneyeDB. Skipping.

[*] [OENEYE Master Engine]: Processing [.bat] -> AUTOEXEC.BAT
[!] File already indexed in oeneyeDB. Skipping.

[*] [OENEYE Master Engine]: Processing [.img] -> DOSoeneyeNT.img
[!] File already indexed in oeneyeDB. Skipping.

[*] [OENEYE Master Engine]: Processing [.xdll] -> FILENAME_HERE
[!] File already indexed in oeneyeDB. Skipping.

[*] [OENEYE Master Engine]: Processing [.xdll] -> Mada Innovation Award
[!] File already indexed in oeneyeDB. Skipping.

[*] [OENEYE Master Engine]: Processing [.xdll] -> Makefile
[!] File already indexed in oeneyeDB. Skipping.

[*] [OENEYE Master Engine]: Processing [.img] -> NToeneyeDOS.img
[!] File already indexed in oeneyeDB. Skipping.

[*] [OENEYE Master Engine]: Processing [.doc] -> Notenspiegel.doc
[!] File already indexed in oeneyeDB. Skipping.

[*] [OENEYE Master Engine]: Processing [.md] -> OENEYE_EULA.md
[!] File already indexed in oeneyeDB. Skipping.

[*] [OENEYE Master Engine]: Processing [.ttf] -> OMQ.ttf
[!] File already indexed in oeneyeDB. Skipping.

[*] [OENEYE Master Engine]: Processing [.sha256] -> OMQ.ttf.sha256
[!] File already indexed in oeneyeDB. Skipping.

[*] [OENEYE Master Engine]: Processing [.bin] -> OQM_file.bin
[!] File already indexed in oeneyeDB. Skipping.

[*] [OENEYE Master Engine]: Processing [.m] -> OeneyeClock.m
[!] File already indexed in oeneyeDB. Skipping.

[*] [OENEYE Master Engine]: Processing [.png] -> Screenshot_20260727-150025.png
[!] File already indexed in oeneyeDB. Skipping.

[*] [OENEYE Master Engine]: Processing [.md] -> TODO.md
[!] File already indexed in oeneyeDB. Skipping.

[*] [OENEYE Master Engine]: Processing [.ximg] -> User1.ximg
[!] File already indexed in oeneyeDB. Skipping.

[*] [OENEYE Master Engine]: Processing [.xdll] -> VERSION_TARGET
[!] File already indexed in oeneyeDB. Skipping.

[*] [OENEYE Master Engine]: Processing [.html] -> ig_story.html
[!] File already indexed in oeneyeDB. Skipping.

[*] [OENEYE Master Engine]: Processing [.pyc] -> kernel.cpython-312.pyc
[!] File already indexed in oeneyeDB. Skipping.

[*] [OENEYE Master Engine]: Processing [.pyc] -> oeneye_hotspot.cpython-312.pyc
[!] File already indexed in oeneyeDB. Skipping.

[*] [OENEYE Master Engine]: Processing [.pyc] -> oeneye_master_init.cpython-312.pyc
[!] File already indexed in oeneyeDB. Skipping.

[*] [OENEYE Master Engine]: Processing [.pyc] -> oeneyeasm.cpython-312.pyc
[!] File already indexed in oeneyeDB. Skipping.

[*] [OENEYE Master Engine]: Processing [.pyc] -> sync_hub.cpython-313.pyc
[!] File already indexed in oeneyeDB. Skipping.

[*] [OENEYE Master Engine]: Processing [.zip] -> mosfetq-dos-gold-source.zip
[!] File already indexed in oeneyeDB. Skipping.

[*] [OENEYE Master Engine]: Processing [.md] -> README.md
[!] File already indexed in oeneyeDB. Skipping.

[*] [OENEYE Master Engine]: Processing [.tex] -> chapter_architecture.tex
[!] File already indexed in oeneyeDB. Skipping.

[*] [OENEYE Master Engine]: Processing [.bin] -> chkp_dump.bin
[!] File already indexed in oeneyeDB. Skipping.

[*] [OENEYE Master Engine]: Processing [.xdll] -> content
[!] File already indexed in oeneyeDB. Skipping.

[*] [OENEYE Master Engine]: Processing [.xml] -> datacite.xml
[!] File already indexed in oeneyeDB. Skipping.

[*] [OENEYE Master Engine]: Processing [.bin] -> delta_slice_0_off_000D.bin
[!] File already indexed in oeneyeDB. Skipping.

[*] [OENEYE Master Engine]: Processing [.bin] -> delta_slice_1_off_0130.bin
[!] File already indexed in oeneyeDB. Skipping.

[*] [OENEYE Master Engine]: Processing [.bin] -> delta_slice_2_off_0198.bin
[!] File already indexed in oeneyeDB. Skipping.

[*] [OENEYE Master Engine]: Processing [.bin] -> delta_slice_3_off_0200.bin
[!] File already indexed in oeneyeDB. Skipping.

[*] [OENEYE Master Engine]: Processing [.png] -> dnb_enhanced_highres.png
[!] File already indexed in oeneyeDB. Skipping.

[*] [OENEYE Master Engine]: Processing [.json] -> dos_filesystem_index.json
[!] File already indexed in oeneyeDB. Skipping.

[*] [OENEYE Master Engine]: Processing [.docx] -> draft_MOSFETQ.docx
[!] File already indexed in oeneyeDB. Skipping.

[*] [OENEYE Master Engine]: Processing [.bak] -> emu_dos.bak
[!] File already indexed in oeneyeDB. Skipping.

[*] [OENEYE Master Engine]: Processing [.png] -> extracted_test.png
[!] File already indexed in oeneyeDB. Skipping.

[*] [OENEYE Master Engine]: Processing [.ppm] -> extracted_test.ppm
[!] File already indexed in oeneyeDB. Skipping.

[*] [OENEYE Master Engine]: Processing [.img] -> fat12.img
[!] File already indexed in oeneyeDB. Skipping.

[*] [OENEYE Master Engine]: Processing [.json] -> invoice_pretty.json
[!] File already indexed in oeneyeDB. Skipping.

[*] [OENEYE Master Engine]: Processing [.md] -> invoice_receipt.md
[!] File already indexed in oeneyeDB. Skipping.

[*] [OENEYE Master Engine]: Processing [.png] -> loginbg.png
[!] File already indexed in oeneyeDB. Skipping.

[*] [OENEYE Master Engine]: Processing [.png] -> logo.png
[!] File already indexed in oeneyeDB. Skipping.

[*] [OENEYE Master Engine]: Processing [.bat] -> make_oeneye_refs.bat
[!] File already indexed in oeneyeDB. Skipping.

[*] [OENEYE Master Engine]: Processing [.tex] -> monograph.tex
[!] File already indexed in oeneyeDB. Skipping.

[*] [OENEYE Master Engine]: Processing [.img] -> mosfetq-dos (1).img
[!] File already indexed in oeneyeDB. Skipping.

[*] [OENEYE Master Engine]: Processing [.s] -> mosfetq-dos-0.6.s
[!] File already indexed in oeneyeDB. Skipping.

[*] [OENEYE Master Engine]: Processing [.img] -> mosfetq-dos-1200.img
[!] File already indexed in oeneyeDB. Skipping.

[*] [OENEYE Master Engine]: Processing [.img] -> mosfetq-dos-1440.img
[!] File already indexed in oeneyeDB. Skipping.

[*] [OENEYE Master Engine]: Processing [.img] -> mosfetq-dos-gold-1.0.0.0.1-3.5in-1.44M.img
[!] File already indexed in oeneyeDB. Skipping.

[*] [OENEYE Master Engine]: Processing [.ximg] -> mosfetq-dos-gold-1.0.0.0.1-5.25in-1.2M.ximg
[!] File already indexed in oeneyeDB. Skipping.

[*] [OENEYE Master Engine]: Processing [.img] -> mosfetq-dos-nt-oeneye.img
[!] File already indexed in oeneyeDB. Skipping.

[*] [OENEYE Master Engine]: Processing [.s] -> mosfetq-dos.s
[!] File already indexed in oeneyeDB. Skipping.

[*] [OENEYE Master Engine]: Processing [.bin] -> mosfetq.bin
[!] File already indexed in oeneyeDB. Skipping.

[*] [OENEYE Master Engine]: Processing [.img] -> mosfetq.img
[!] File already indexed in oeneyeDB. Skipping.

[*] [OENEYE Master Engine]: Processing [.img] -> oeneye-compiled.img
[!] File already indexed in oeneyeDB. Skipping.

[*] [OENEYE Master Engine]: Processing [.sty] -> oeneye-font.sty
[!] File already indexed in oeneyeDB. Skipping.

[*] [OENEYE Master Engine]: Processing [.img] -> oeneye-mosfetq-exfat.img
[!] File already indexed in oeneyeDB. Skipping.

[*] [OENEYE Master Engine]: Processing [.img] -> oeneye-mosfetq-fat12.img
[!] File already indexed in oeneyeDB. Skipping.

[*] [OENEYE Master Engine]: Processing [.img] -> oeneye-mosfetq-fat16.img
[!] File already indexed in oeneyeDB. Skipping.

[*] [OENEYE Master Engine]: Processing [.img] -> oeneye-refs-downloaded.img
[!] File already indexed in oeneyeDB. Skipping.

[*] [OENEYE Master Engine]: Processing [.vhdx] -> oeneye-refs-new.vhdx
[!] File already indexed in oeneyeDB. Skipping.

[*] [OENEYE Master Engine]: Processing [.img] -> oeneye-refs-vhd.img
[!] File already indexed in oeneyeDB. Skipping.

[*] [OENEYE Master Engine]: Processing [.vhd] -> oeneye-refs.vhd
[!] File already indexed in oeneyeDB. Skipping.

[*] [OENEYE Master Engine]: Processing [.img] -> oeneye-sufficient-v2.img
[!] File already indexed in oeneyeDB. Skipping.

[*] [OENEYE Master Engine]: Processing [.img] -> oeneye.img
[!] File already indexed in oeneyeDB. Skipping.

[*] [OENEYE Master Engine]: Processing [.rc] -> oeneye.rc
[!] File already indexed in oeneyeDB. Skipping.

[*] [OENEYE Master Engine]: Processing [.xdll] -> oeneyeVNC
[!] File already indexed in oeneyeDB. Skipping.

[*] [OENEYE Master Engine]: Processing [.json] -> oeneye_dual_channel_ledger.json
[!] File already indexed in oeneyeDB. Skipping.

[*] [OENEYE Master Engine]: Processing [.html] -> oeneye_ecosystem_stream.html
[!] File already indexed in oeneyeDB. Skipping.

[*] [OENEYE Master Engine]: Processing [.json] -> oeneye_mainframe_declaration.json
[!] File already indexed in oeneyeDB. Skipping.

[*] [OENEYE Master Engine]: Processing [.tex] -> oeneye_monograph.tex
[!] File already indexed in oeneyeDB. Skipping.

[*] [OENEYE Master Engine]: Processing [.html] -> oeneye_movie_full.html
[!] File already indexed in oeneyeDB. Skipping.

[*] [OENEYE Master Engine]: Processing [.xdll] -> kernel
[!] File already indexed in oeneyeDB. Skipping.

[*] [OENEYE Master Engine]: Processing [.tex] -> rc_v04_specification.tex
[!] File already indexed in oeneyeDB. Skipping.

[*] [OENEYE Master Engine]: Processing [.vhdx] -> refs-oeneye.vhdx
[!] File already indexed in oeneyeDB. Skipping.

[*] [OENEYE Master Engine]: Processing [.bin] -> test.bin
[!] File already indexed in oeneyeDB. Skipping.

[*] [OENEYE Master Engine]: Processing [.com] -> test.com
[!] File already indexed in oeneyeDB. Skipping.

[*] [OENEYE Master Engine]: Processing [.ppm] -> test.ppm
[!] File already indexed in oeneyeDB. Skipping.

[*] [OENEYE Master Engine]: Processing [.profile] -> texlive.profile
[!] File already indexed in oeneyeDB. Skipping.

[*] [OENEYE Master Engine]: Processing [.zip] -> mosfetq-dos-0.3-source.zip
[!] File already indexed in oeneyeDB. Skipping.

[*] [OENEYE Master Engine]: Processing [.zip] -> mosfetq-dos-0.4-gold-rc.zip
[!] File already indexed in oeneyeDB. Skipping.

[*] [OENEYE Master Engine]: Processing [.zip] -> mosfetq-dos-0.4-rc1.zip
[!] File already indexed in oeneyeDB. Skipping.

[*] [OENEYE Master Engine]: Processing [.html] -> truth_post.html
[!] File already indexed in oeneyeDB. Skipping.

[*] [OENEYE Master Engine]: Processing [.zip] -> mosfetq-dos-gold-1.0.0.0.1-source.zip
[!] File already indexed in oeneyeDB. Skipping.

[*] [OENEYE Master Engine]: Processing [.html] -> viewer.html
[!] File already indexed in oeneyeDB. Skipping.

[*] [OENEYE Master Engine]: Processing [.zip] -> mosfetq-dos-nt-oeneye.zip
[!] File already indexed in oeneyeDB. Skipping.

[*] [OENEYE Master Engine]: Processing [.img] -> mosfetq-dos.img
[!] File already indexed in oeneyeDB. Skipping.

[*] [OENEYE Master Engine]: Processing [.pdf] -> Executive_Summary_Radius0.pdf
[!] File already indexed in oeneyeDB. Skipping.

[*] [OENEYE Master Engine]: Processing [.pdf] -> Minus_G_Vortex_Research_Synthesis.pdf
[!] File already indexed in oeneyeDB. Skipping.

[*] [OENEYE Master Engine]: Processing [.pdf] -> OENEYE_EULA (1).pdf
[!] File already indexed in oeneyeDB. Skipping.

[*] [OENEYE Master Engine]: Processing [.pdf] -> OENEYE_EULA (2).pdf
[!] File already indexed in oeneyeDB. Skipping.

[*] [OENEYE Master Engine]: Processing [.zip] -> oeneye-artwork-fat-bundle-v1.zip
[!] File already indexed in oeneyeDB. Skipping.

[*] [OENEYE Master Engine]: Processing [.pdf] -> OENEYE_EULA.pdf
[!] File already indexed in oeneyeDB. Skipping.

[*] [OENEYE Master Engine]: Processing [.log] -> OMQ.log
[!] File already indexed in oeneyeDB. Skipping.

[*] [OENEYE Master Engine]: Processing [.pdf] -> Obsidian_Brain_Mainframe_Declaration.pdf
[!] File already indexed in oeneyeDB. Skipping.

[*] [OENEYE Master Engine]: Processing [.pdf] -> PGCertQts-1.pdf
[!] File already indexed in oeneyeDB. Skipping.

[*] [OENEYE Master Engine]: Processing [.pdf] -> dnb_record.pdf
[!] File already indexed in oeneyeDB. Skipping.

[*] [OENEYE Master Engine]: Processing [.zip] -> oeneye-artwork-master-v1.1.zip
[!] File already indexed in oeneyeDB. Skipping.

[*] [OENEYE Master Engine]: Processing [.pdf] -> Radius0_Labyrinth_Manifest.pdf
[!] File already indexed in oeneyeDB. Skipping.

[*] [OENEYE Master Engine]: Processing [.zip] -> oeneye-artwork-refs-locked-bundle-v1.zip
[!] File already indexed in oeneyeDB. Skipping.

[*] [OENEYE Master Engine]: Processing [.zip] -> oeneye-distro-logo.zip
[!] File already indexed in oeneyeDB. Skipping.

[*] [OENEYE Master Engine]: Processing [.pdf] -> Radius0_FTP_Presentation_Deck.pdf
[!] File already indexed in oeneyeDB. Skipping.

[*] [OENEYE Master Engine]: Processing [.pdf] -> Radius0_Final_Fulfillment_Summary.pdf
[!] File already indexed in oeneyeDB. Skipping.

[*] [OENEYE Master Engine]: Processing [.html] -> index.html
[!] File already indexed in oeneyeDB. Skipping.

[*] [OENEYE Master Engine]: Processing [.db] -> invoice_database.db
[!] File already indexed in oeneyeDB. Skipping.

[*] [OENEYE Master Engine]: Processing [.xdll] -> ler
[!] File already indexed in oeneyeDB. Skipping.

[*] [OENEYE Master Engine]: Processing [.html] -> maga_post.html
[!] File already indexed in oeneyeDB. Skipping.

[*] [OENEYE Master Engine]: Processing [.json] -> metadata.json
[!] File already indexed in oeneyeDB. Skipping.

[*] [OENEYE Master Engine]: Processing [.img] -> mosfetq-dos-gold.img
[!] File already indexed in oeneyeDB. Skipping.

[*] [OENEYE Master Engine]: Processing [.s] -> mosfetq.s
[!] File already indexed in oeneyeDB. Skipping.

[*] [OENEYE Master Engine]: Processing [.img] -> oeneye-00x00.img
[!] File already indexed in oeneyeDB. Skipping.

[*] [OENEYE Master Engine]: Processing [.img] -> oeneye-bootstrap-bootable.img
[!] File already indexed in oeneyeDB. Skipping.

[*] [OENEYE Master Engine]: Processing [.img] -> oeneye-bootstrap.img
[!] File already indexed in oeneyeDB. Skipping.

[*] [OENEYE Master Engine]: Processing [.img] -> oeneye-ext4.img
[!] File already indexed in oeneyeDB. Skipping.

[*] [OENEYE Master Engine]: Processing [.img] -> oeneye-mosfetq-fat32.img
[!] File already indexed in oeneyeDB. Skipping.

[*] [OENEYE Master Engine]: Processing [.img] -> oeneye-ntfs.img
[!] File already indexed in oeneyeDB. Skipping.

[*] [OENEYE Master Engine]: Processing [.img] -> oeneye-phone.img
[!] File already indexed in oeneyeDB. Skipping.

[*] [OENEYE Master Engine]: Processing [.img] -> oeneye-refs-vhd-converted.img
[!] File already indexed in oeneyeDB. Skipping.

[*] [OENEYE Master Engine]: Processing [.vhdx] -> oeneye-refs.vhdx
[!] File already indexed in oeneyeDB. Skipping.

[*] [OENEYE Master Engine]: Processing [.img] -> oeneye-upscaled-32m.img
[!] File already indexed in oeneyeDB. Skipping.

[*] [OENEYE Master Engine]: Processing [.ximg] -> oeneyeTESTfont.ximg
[!] File already indexed in oeneyeDB. Skipping.

[*] [OENEYE Master Engine]: Processing [.save] -> oeneye_align.py.save
[!] File already indexed in oeneyeDB. Skipping.

[*] [OENEYE Master Engine]: Processing [.json] -> oeneye_invoices_codex.json
[!] File already indexed in oeneyeDB. Skipping.

[*] [OENEYE Master Engine]: Processing [.json] -> oeneye_label.json
[!] File already indexed in oeneyeDB. Skipping.

[*] [OENEYE Master Engine]: Processing [.html] -> oeneye_movie.html
[!] File already indexed in oeneyeDB. Skipping.

[*] [OENEYE Master Engine]: Processing [.png] -> oeneye_s.png
[!] File already indexed in oeneyeDB. Skipping.

[*] [OENEYE Master Engine]: Processing [.json] -> oeneye_zenodo_payload.json
[!] File already indexed in oeneyeDB. Skipping.

[*] [OENEYE Master Engine]: Processing [.xdll] -> oeneyepdf
[!] File already indexed in oeneyeDB. Skipping.

[*] [OENEYE Master Engine]: Processing [.c] -> oeneyepdf.c
[!] File already indexed in oeneyeDB. Skipping.

[*] [OENEYE Master Engine]: Processing [.pdf (2)] -> omq_vector_as_8x16.pdf (2)
[!] File already indexed in oeneyeDB. Skipping.

[*] [OENEYE Master Engine]: Processing [.pdf (3)] -> omq_vector_as_8x16.pdf (3)
[!] File already indexed in oeneyeDB. Skipping.

[*] [OENEYE Master Engine]: Processing [.json] -> record.json
[!] File already indexed in oeneyeDB. Skipping.

[*] [OENEYE Master Engine]: Processing [.zip] -> mosfetq-dos-0.5-source.zip
[!] File already indexed in oeneyeDB. Skipping.

[*] [OENEYE Master Engine]: Processing [.zip] -> mosfetq-dos-0.6-source.zip
[!] File already indexed in oeneyeDB. Skipping.

[*] [OENEYE Master Engine]: Processing [.bin] -> supb_dump.bin
[!] File already indexed in oeneyeDB. Skipping.

[*] [OENEYE Master Engine]: Processing [.xdll] -> tall texlive-installer
[!] File already indexed in oeneyeDB. Skipping.

[*] [OENEYE Master Engine]: Processing [.c] -> target_asset.c
[!] File already indexed in oeneyeDB. Skipping.

[*] [OENEYE Master Engine]: Processing [.png] -> test.png
[!] File already indexed in oeneyeDB. Skipping.

[*] [OENEYE Master Engine]: Processing [.tex] -> test_oeneye.tex
[!] File already indexed in oeneyeDB. Skipping.

[*] [OENEYE Master Engine]: Processing [.zip] -> oeneye-5.0-gecko.zip
[!] File already indexed in oeneyeDB. Skipping.

[*] [OENEYE Master Engine]: Processing [.html] -> trump_profile.html
[!] File already indexed in oeneyeDB. Skipping.

[*] [OENEYE Master Engine]: Processing [.zip] -> oeneye-pack.zip
[!] File already indexed in oeneyeDB. Skipping.

[*] [OENEYE Master Engine]: Processing [.pdf] -> 1.pdf
[!] File already indexed in oeneyeDB. Skipping.

[*] [OENEYE Master Engine]: Processing [.zip] -> oeneye-refs-placeholder.zip
[!] File already indexed in oeneyeDB. Skipping.

[*] [OENEYE Master Engine]: Processing [.pdf] -> FAT77_Kernel_Architecture.pdf
[!] File already indexed in oeneyeDB. Skipping.

[*] [OENEYE Master Engine]: Processing [.pdf] -> Fibonacci_Magnetism_Manifold.pdf
[!] File already indexed in oeneyeDB. Skipping.

[*] [OENEYE Master Engine]: Processing [.zip] -> oeneyeCURL.zip
[!] File already indexed in oeneyeDB. Skipping.

[*] [OENEYE Master Engine]: Processing [.zip] -> oeneyeMOSFETQfont.zip
[!] File already indexed in oeneyeDB. Skipping.

[*] [OENEYE Master Engine]: Processing [.pdf] -> Radius0_Fulcrum_Coupling.pdf
[!] File already indexed in oeneyeDB. Skipping.

[*] [OENEYE Master Engine]: Processing [.pdf] -> Radius0_StandardModel_Fulfillment.pdf
[!] File already indexed in oeneyeDB. Skipping.

[*] [OENEYE Master Engine]: Processing [.pdf] -> Radius_0_Invariance_Postulate.pdf
[!] File already indexed in oeneyeDB. Skipping.

[*] [OENEYE Master Engine]: Processing [.pdf] -> Radius_0_Variance_Theory.pdf
[!] File already indexed in oeneyeDB. Skipping.

[*] [OENEYE Master Engine]: Processing [.pdf] -> STARv3_Stabilizer_Protocol.pdf
[!] File already indexed in oeneyeDB. Skipping.

[*] [OENEYE Master Engine]: Processing [.pdf] -> Unified Master Framework oeneye and Inertia Probability (1).pdf
[!] File already indexed in oeneyeDB. Skipping.

[*] [OENEYE Master Engine]: Processing [.pdf] -> Unified_Radius_0_Theory.pdf
[!] File already indexed in oeneyeDB. Skipping.

[*] [OENEYE Master Engine]: Processing [.log] -> chapter_architecture.log
[!] File already indexed in oeneyeDB. Skipping.

[*] [OENEYE Master Engine]: Processing [.pdf] -> cnnn_manifold_report.pdf
[!] File already indexed in oeneyeDB. Skipping.

[*] [OENEYE Master Engine]: Processing [.pdf] -> dnb_publication.pdf
[!] File already indexed in oeneyeDB. Skipping.

[*] [OENEYE Master Engine]: Processing [.pdf] -> draft_MOSFETQ.pdf
[!] File already indexed in oeneyeDB. Skipping.

[*] [OENEYE Master Engine]: Processing [.zip] -> oeneye-ntfs.zip
[!] File already indexed in oeneyeDB. Skipping.

[*] [OENEYE Master Engine]: Processing [.zip] -> oeneye-wg-server.zip
[!] File already indexed in oeneyeDB. Skipping.

[*] [OENEYE Master Engine]: Processing [.zip] -> oeneye-xima.zip
[!] File already indexed in oeneyeDB. Skipping.

[*] [OENEYE Master Engine]: Processing [.pdf] -> compiling_nasa_nastran.pdf
[!] File already indexed in oeneyeDB. Skipping.

[*] [OENEYE Master Engine]: Processing [.pdf] -> dyscalculia_clinical_protocol_v2.pdf
[!] File already indexed in oeneyeDB. Skipping.

[*] [OENEYE Master Engine]: Processing [.pdf] -> fraktur_infinity.pdf
[!] File already indexed in oeneyeDB. Skipping.

[*] [OENEYE Master Engine]: Processing [.pdf] -> fraktur_infinity_final_synthesis.pdf
[!] File already indexed in oeneyeDB. Skipping.

[*] [OENEYE Master Engine]: Processing [.pdf] -> gemini_deletion_incident.pdf
[!] File already indexed in oeneyeDB. Skipping.

[*] [OENEYE Master Engine]: Processing [.zip] -> oeneyephraser-firefoxos.zip
[!] File already indexed in oeneyeDB. Skipping.

[*] [OENEYE Master Engine]: Processing [.log] -> manifold_verification.log
[!] File already indexed in oeneyeDB. Skipping.

[*] [OENEYE Master Engine]: Processing [.pdf] -> oeneye_sdk_readme.pdf
[!] File already indexed in oeneyeDB. Skipping.

[*] [OENEYE Master Engine]: Processing [.gz] -> oeneye_workspace_backup.tar.gz
[!] File already indexed in oeneyeDB. Skipping.

[*] [OENEYE Master Engine]: Processing [.html] -> ig_post.html
[!] File already indexed in oeneyeDB. Skipping.

[*] [OENEYE Master Engine]: Processing [.pdf] -> 2she0y.pdf
[!] File already indexed in oeneyeDB. Skipping.

[*] [OENEYE Master Engine]: Processing [.bin] -> bird_loader_lba2.bin
[!] File already indexed in oeneyeDB. Skipping.

[*] [OENEYE Master Engine]: Processing [.gz] -> oeneyeos_v0.2_archive.tar.gz
[!] File already indexed in oeneyeDB. Skipping.

[*] [OENEYE Master Engine]: Processing [.pdf] -> oeneyepdf-test.pdf
[!] File already indexed in oeneyeDB. Skipping.

[*] [OENEYE Master Engine]: Processing [.pdf] -> oeneyesdk_lfn_erratum.pdf
[!] File already indexed in oeneyeDB. Skipping.

[*] [OENEYE Master Engine]: Processing [.pdf] -> patient_action_protocol.pdf
[!] File already indexed in oeneyeDB. Skipping.

[*] [OENEYE Master Engine]: Processing [.pdf] -> quantumthermostatic_3month_plan.pdf
[!] File already indexed in oeneyeDB. Skipping.

[*] [OENEYE Master Engine]: Processing [.pdf] -> quantumthermostatic_invention_profile.pdf
[!] File already indexed in oeneyeDB. Skipping.

[*] [OENEYE Master Engine]: Processing [.aux] -> test_oeneye.aux
[!] File already indexed in oeneyeDB. Skipping.

[*] [OENEYE Master Engine]: Processing [.json] -> oeneyeAuth_context.json
[!] File already indexed in oeneyeDB. Skipping.

[*] [OENEYE Master Engine]: Processing [.html] -> share.html
[!] File already indexed in oeneyeDB. Skipping.

[*] [OENEYE Master Engine]: Processing [.grammar] -> oeneyeToken.grammar
[!] File already indexed in oeneyeDB. Skipping.

[*] [OENEYE Master Engine]: Processing [.toml] -> Cargo.toml
[!] File already indexed in oeneyeDB. Skipping.

[*] [OENEYE Master Engine]: Processing [.html] -> bing_search.html
[!] File already indexed in oeneyeDB. Skipping.

[*] [OENEYE Master Engine]: Processing [.zip] -> oeneyec-test-tree.zip
[!] File already indexed in oeneyeDB. Skipping.

[*] [OENEYE Master Engine]: Processing [.pdf] -> mada_submission_summary.pdf
[!] File already indexed in oeneyeDB. Skipping.

[*] [OENEYE Master Engine]: Processing [.log] -> missfont.log
[!] File already indexed in oeneyeDB. Skipping.

[*] [OENEYE Master Engine]: Processing [.aux] -> monograph.aux
[!] File already indexed in oeneyeDB. Skipping.

[*] [OENEYE Master Engine]: Processing [.log] -> monograph.log
[!] File already indexed in oeneyeDB. Skipping.

[*] [OENEYE Master Engine]: Processing [.pdf] -> monograph.pdf
[!] File already indexed in oeneyeDB. Skipping.

[*] [OENEYE Master Engine]: Processing [.pdf] -> nbn_resource.pdf
[!] File already indexed in oeneyeDB. Skipping.

[*] [OENEYE Master Engine]: Processing [.gz] -> oeneye_asset_omq.tar.gz
[!] File already indexed in oeneyeDB. Skipping.

[*] [OENEYE Master Engine]: Processing [.log] -> oeneye_audit.log
[!] File already indexed in oeneyeDB. Skipping.

[*] [OENEYE Master Engine]: Processing [.log] -> oeneye_kernel_runtime.log
[!] File already indexed in oeneyeDB. Skipping.

[*] [OENEYE Master Engine]: Processing [.pdf] -> oeneye_nested_scope.pdf
[!] File already indexed in oeneyeDB. Skipping.

[*] [OENEYE Master Engine]: Processing [.html] -> fb_post.html
[!] File already indexed in oeneyeDB. Skipping.

[*] [OENEYE Master Engine]: Processing [.pdf] -> rheinmetall_cv.pdf
[!] File already indexed in oeneyeDB. Skipping.

[*] [OENEYE Master Engine]: Processing [.pdf] -> summary.pdf
[!] File already indexed in oeneyeDB. Skipping.

[*] [OENEYE Master Engine]: Processing [.pdf] -> trex_bribery_app.pdf
[!] File already indexed in oeneyeDB. Skipping.

[*] [OENEYE Master Engine]: Processing [.zip] -> mosfetq-dos-hello-sample-v2-with-bird-lash.zip
[!] File already indexed in oeneyeDB. Skipping.

[*] [OENEYE Master Engine]: Processing [.asm] -> boot_bird_lash_patch.asm
[!] File already indexed in oeneyeDB. Skipping.

[*] [OENEYE Master Engine]: Processing [.sha256] -> combined_checksums.sha256
[!] File already indexed in oeneyeDB. Skipping.

[*] [OENEYE Master Engine]: Processing [.log] -> gh-diagnostic.log
[!] File already indexed in oeneyeDB. Skipping.

[*] [OENEYE Master Engine]: Processing [.gz] -> oeneye-chat.tar.gz
[!] File already indexed in oeneyeDB. Skipping.

[*] [OENEYE Master Engine]: Processing [.sha256] -> share.html.sha256
[!] File already indexed in oeneyeDB. Skipping.

[*] [OENEYE Master Engine]: Processing [.gz] -> oeneyeAuth_context.tar.gz
[!] File already indexed in oeneyeDB. Skipping.

[*] [OENEYE Master Engine]: Processing [.pdf] -> Radius_0_Invariance_Postulate-1.pdf
[!] File already indexed in oeneyeDB. Skipping.

[*] [OENEYE Master Engine]: Processing [.pdf] -> Unified_Radius0_Manifold_Tier.pdf
[!] File already indexed in oeneyeDB. Skipping.

[*] [OENEYE Master Engine]: Processing [.aux] -> chapter_architecture.aux
[!] File already indexed in oeneyeDB. Skipping.

[*] [OENEYE Master Engine]: Processing [.pdf] -> chapter_architecture.pdf
[!] File already indexed in oeneyeDB. Skipping.

[*] [OENEYE Master Engine]: Processing [.zip] -> oeneye-telemetry.zip
[!] File already indexed in oeneyeDB. Skipping.

[*] [OENEYE Master Engine]: Processing [.pdf] -> fraktur_infinity_lemniscate.pdf
[!] File already indexed in oeneyeDB. Skipping.

[*] [OENEYE Master Engine]: Processing [.pdf] -> fraktur_infinity_symbol.pdf
[!] File already indexed in oeneyeDB. Skipping.

[*] [OENEYE Master Engine]: Processing [.pdf] -> manifold_maga_report.pdf
[!] File already indexed in oeneyeDB. Skipping.

[*] [OENEYE Master Engine]: Processing [.log] -> oeneye_daemon.log
[+] Successfully indexed oeneye_daemon.log as [.log] into oeneyeDB.

[*] [OENEYE Master Engine]: Processing [.log] -> oeneye_rack.log
[!] File already indexed in oeneyeDB. Skipping.

[*] [OENEYE Master Engine]: Processing [.gz] -> oeneye_release_v1.0.tar.gz
[!] File already indexed in oeneyeDB. Skipping.

[*] [OENEYE Master Engine]: Processing [.zip] -> mosfetq-dos-hello-sample.zip
[!] File already indexed in oeneyeDB. Skipping.

[*] [OENEYE Master Engine]: Processing [.pdf] -> omq_vector_as_8x16.pdf
[!] File already indexed in oeneyeDB. Skipping.

[*] [OENEYE Master Engine]: Processing [.sha256] -> checksums.sha256
[!] File already indexed in oeneyeDB. Skipping.

[*] [OENEYE Master Engine]: Processing [.html] -> auth_response.html
[!] File already indexed in oeneyeDB. Skipping.

[*] [OENEYE Master Engine]: Processing [.log] -> test_oeneye.log
[!] File already indexed in oeneyeDB. Skipping.

[*] [OENEYE Master Engine]: Processing [.sha256] -> auth_response.html.sha256
[!] File already indexed in oeneyeDB. Skipping.

[*] [OENEYE Master Engine]: Processing [.html] -> ximg_response.html
[!] File already indexed in oeneyeDB. Skipping.

[*] [OENEYE Master Engine]: Processing [.sha256] -> ximg_response.html.sha256
[!] File already indexed in oeneyeDB. Skipping.

[*] [OENEYE Master Engine]: Processing [.json] -> perplexity_response.json
[!] File already indexed in oeneyeDB. Skipping.

[*] [OENEYE Master Engine]: Processing [.sha256] -> manifest.sha256
[!] File already indexed in oeneyeDB. Skipping.

[*] [OENEYE Master Engine]: Processing [.log] -> oeneye_deployment_audit.log
[!] File already indexed in oeneyeDB. Skipping.

[*] [OENEYE Master Engine]: Processing [.md5] -> checksums.md5
[!] File already indexed in oeneyeDB. Skipping.

[*] [OENEYE Master Engine]: Processing [.pdf] -> trump_beneficiaro_profile.pdf
[!] File already indexed in oeneyeDB. Skipping.

[*] [OENEYE Master Engine]: Processing [.png] -> BIRD_1024_white.png
[!] File already indexed in oeneyeDB. Skipping.

[*] [OENEYE Master Engine]: Processing [.webp] -> BIRD_Laifsmitch_1024.webp
[!] File already indexed in oeneyeDB. Skipping.

[*] [OENEYE Master Engine]: Processing [.img] -> hello_bird_lba2.img
[!] File already indexed in oeneyeDB. Skipping.

[*] [OENEYE Master Engine]: Processing [.pdf] -> test.pdf
[!] File already indexed in oeneyeDB. Skipping.

[*] [OENEYE Master Engine]: Processing [.xdll] -> earch 7z
[!] File already indexed in oeneyeDB. Skipping.

[*] [OENEYE Master Engine]: Processing [.sha256] -> oeneyeAuth_context.json.sha256
[!] File already indexed in oeneyeDB. Skipping.

[*] [OENEYE Master Engine]: Processing [.sha256] -> oeneyeAuth_context.tar.gz.sha256
[!] File already indexed in oeneyeDB. Skipping.

[*] [OENEYE Master Engine]: Processing [.xdll] -> oeneyeToken
[!] File already indexed in oeneyeDB. Skipping.

[*] [OENEYE Master Engine]: Processing [.lock] -> Cargo.lock
[!] File already indexed in oeneyeDB. Skipping.

[*] [OENEYE Master Engine]: Processing [.html] -> phia_page.html
[!] File already indexed in oeneyeDB. Skipping.

[*] [OENEYE Master Engine]: Processing [.html] -> phia_share.html
[!] File already indexed in oeneyeDB. Skipping.

[*] [OENEYE Master Engine]: Processing [.log] -> LEDGER_SYNC.LOG
[!] File already indexed in oeneyeDB. Skipping.

[*] [OENEYE Master Engine]: Processing [.fnt] -> OMQ.FNT
[!] File already indexed in oeneyeDB. Skipping.

[*] [OENEYE Master Engine]: Processing [.pyc] -> __init__.cpython-312.pyc
[!] File already indexed in oeneyeDB. Skipping.

[*] [OENEYE Master Engine]: Processing [.pyc] -> bridge_oeneye_chaosnet.cpython-312.pyc
[!] File already indexed in oeneyeDB. Skipping.

[*] [OENEYE Master Engine]: Processing [.pyc] -> chaosnet_codec.cpython-312.pyc
[!] File already indexed in oeneyeDB. Skipping.

[*] [OENEYE Master Engine]: Processing [.iso] -> oeneye.iso
[!] File already indexed in oeneyeDB. Skipping.

[*] [OENEYE Master Engine]: Processing [.pyc] -> decode_oeneye_chaosnet.cpython-312.pyc
[!] File already indexed in oeneyeDB. Skipping.

[*] [OENEYE Master Engine]: Processing [.pyc] -> emu_dos.cpython-312.pyc
[!] File already indexed in oeneyeDB. Skipping.

[*] [OENEYE Master Engine]: Processing [.json] -> 22845198.json
[!] File already indexed in oeneyeDB. Skipping.

[*] [OENEYE Master Engine]: Processing [.json] -> 22911730.json
[!] File already indexed in oeneyeDB. Skipping.

[*] [OENEYE Master Engine]: Processing [.pyc] -> filesystem.cpython-312.pyc
[!] File already indexed in oeneyeDB. Skipping.

[*] [OENEYE Master Engine]: Processing [.json] -> 22958760.json
[!] File already indexed in oeneyeDB. Skipping.

[*] [OENEYE Master Engine]: Processing [.pdf] -> test_oeneye.pdf
[!] File already indexed in oeneyeDB. Skipping.

[*] [OENEYE Master Engine]: Processing [.json] -> 22973669.json
[!] File already indexed in oeneyeDB. Skipping.

[*] [OENEYE Master Engine]: Processing [.json] -> 22983037.json
[!] File already indexed in oeneyeDB. Skipping.

[*] [OENEYE Master Engine]: Processing [.img] -> 86_dos_v0.1_original.img
[!] File already indexed in oeneyeDB. Skipping.

[*] [OENEYE Master Engine]: Processing [.bat] -> AUTOEXEC.BAT
[!] File already indexed in oeneyeDB. Skipping.

[*] [OENEYE Master Engine]: Processing [.img] -> DOSoeneyeNT.img
[!] File already indexed in oeneyeDB. Skipping.

[*] [OENEYE Master Engine]: Processing [.xdll] -> FILENAME_HERE
[!] File already indexed in oeneyeDB. Skipping.

[*] [OENEYE Master Engine]: Processing [.xdll] -> Mada Innovation Award
[!] File already indexed in oeneyeDB. Skipping.

[*] [OENEYE Master Engine]: Processing [.xdll] -> Makefile
[!] File already indexed in oeneyeDB. Skipping.

[*] [OENEYE Master Engine]: Processing [.img] -> NToeneyeDOS.img
[!] File already indexed in oeneyeDB. Skipping.

[*] [OENEYE Master Engine]: Processing [.doc] -> Notenspiegel.doc
[!] File already indexed in oeneyeDB. Skipping.

[*] [OENEYE Master Engine]: Processing [.md] -> OENEYE_EULA.md
[!] File already indexed in oeneyeDB. Skipping.

[*] [OENEYE Master Engine]: Processing [.ttf] -> OMQ.ttf
[!] File already indexed in oeneyeDB. Skipping.

[*] [OENEYE Master Engine]: Processing [.sha256] -> OMQ.ttf.sha256
[!] File already indexed in oeneyeDB. Skipping.

[*] [OENEYE Master Engine]: Processing [.bin] -> OQM_file.bin
[!] File already indexed in oeneyeDB. Skipping.

[*] [OENEYE Master Engine]: Processing [.m] -> OeneyeClock.m
[!] File already indexed in oeneyeDB. Skipping.

[*] [OENEYE Master Engine]: Processing [.png] -> Screenshot_20260727-150025.png
[!] File already indexed in oeneyeDB. Skipping.

[*] [OENEYE Master Engine]: Processing [.md] -> TODO.md
[!] File already indexed in oeneyeDB. Skipping.

[*] [OENEYE Master Engine]: Processing [.ximg] -> User1.ximg
[!] File already indexed in oeneyeDB. Skipping.

[*] [OENEYE Master Engine]: Processing [.xdll] -> VERSION_TARGET
[!] File already indexed in oeneyeDB. Skipping.

[*] [OENEYE Master Engine]: Processing [.html] -> ig_story.html
[!] File already indexed in oeneyeDB. Skipping.

[*] [OENEYE Master Engine]: Processing [.pyc] -> kernel.cpython-312.pyc
[!] File already indexed in oeneyeDB. Skipping.

[*] [OENEYE Master Engine]: Processing [.pyc] -> oeneye_hotspot.cpython-312.pyc
[!] File already indexed in oeneyeDB. Skipping.

[*] [OENEYE Master Engine]: Processing [.pyc] -> oeneye_master_init.cpython-312.pyc
[!] File already indexed in oeneyeDB. Skipping.

[*] [OENEYE Master Engine]: Processing [.pyc] -> oeneyeasm.cpython-312.pyc
[!] File already indexed in oeneyeDB. Skipping.

[*] [OENEYE Master Engine]: Processing [.pyc] -> sync_hub.cpython-313.pyc
[!] File already indexed in oeneyeDB. Skipping.

[*] [OENEYE Master Engine]: Processing [.zip] -> mosfetq-dos-gold-source.zip
[!] File already indexed in oeneyeDB. Skipping.

[*] [OENEYE Master Engine]: Processing [.md] -> README.md
[!] File already indexed in oeneyeDB. Skipping.

[*] [OENEYE Master Engine]: Processing [.tex] -> chapter_architecture.tex
[!] File already indexed in oeneyeDB. Skipping.

[*] [OENEYE Master Engine]: Processing [.bin] -> chkp_dump.bin
[!] File already indexed in oeneyeDB. Skipping.

[*] [OENEYE Master Engine]: Processing [.xdll] -> content
[!] File already indexed in oeneyeDB. Skipping.

[*] [OENEYE Master Engine]: Processing [.xml] -> datacite.xml
[!] File already indexed in oeneyeDB. Skipping.

[*] [OENEYE Master Engine]: Processing [.bin] -> delta_slice_0_off_000D.bin
[!] File already indexed in oeneyeDB. Skipping.

[*] [OENEYE Master Engine]: Processing [.bin] -> delta_slice_1_off_0130.bin
[!] File already indexed in oeneyeDB. Skipping.

[*] [OENEYE Master Engine]: Processing [.bin] -> delta_slice_2_off_0198.bin
[!] File already indexed in oeneyeDB. Skipping.

[*] [OENEYE Master Engine]: Processing [.bin] -> delta_slice_3_off_0200.bin
[!] File already indexed in oeneyeDB. Skipping.

[*] [OENEYE Master Engine]: Processing [.png] -> dnb_enhanced_highres.png
[!] File already indexed in oeneyeDB. Skipping.

[*] [OENEYE Master Engine]: Processing [.json] -> dos_filesystem_index.json
[!] File already indexed in oeneyeDB. Skipping.

[*] [OENEYE Master Engine]: Processing [.docx] -> draft_MOSFETQ.docx
[!] File already indexed in oeneyeDB. Skipping.

[*] [OENEYE Master Engine]: Processing [.bak] -> emu_dos.bak
[!] File already indexed in oeneyeDB. Skipping.

[*] [OENEYE Master Engine]: Processing [.png] -> extracted_test.png
[!] File already indexed in oeneyeDB. Skipping.

[*] [OENEYE Master Engine]: Processing [.ppm] -> extracted_test.ppm
[!] File already indexed in oeneyeDB. Skipping.

[*] [OENEYE Master Engine]: Processing [.img] -> fat12.img
[!] File already indexed in oeneyeDB. Skipping.

[*] [OENEYE Master Engine]: Processing [.json] -> invoice_pretty.json
[!] File already indexed in oeneyeDB. Skipping.

[*] [OENEYE Master Engine]: Processing [.md] -> invoice_receipt.md
[!] File already indexed in oeneyeDB. Skipping.

[*] [OENEYE Master Engine]: Processing [.png] -> loginbg.png
[!] File already indexed in oeneyeDB. Skipping.

[*] [OENEYE Master Engine]: Processing [.png] -> logo.png
[!] File already indexed in oeneyeDB. Skipping.

[*] [OENEYE Master Engine]: Processing [.bat] -> make_oeneye_refs.bat
[!] File already indexed in oeneyeDB. Skipping.

[*] [OENEYE Master Engine]: Processing [.tex] -> monograph.tex
[!] File already indexed in oeneyeDB. Skipping.

[*] [OENEYE Master Engine]: Processing [.img] -> mosfetq-dos (1).img
[!] File already indexed in oeneyeDB. Skipping.

[*] [OENEYE Master Engine]: Processing [.s] -> mosfetq-dos-0.6.s
[!] File already indexed in oeneyeDB. Skipping.

[*] [OENEYE Master Engine]: Processing [.img] -> mosfetq-dos-1200.img
[!] File already indexed in oeneyeDB. Skipping.

[*] [OENEYE Master Engine]: Processing [.img] -> mosfetq-dos-1440.img
[!] File already indexed in oeneyeDB. Skipping.

[*] [OENEYE Master Engine]: Processing [.img] -> mosfetq-dos-gold-1.0.0.0.1-3.5in-1.44M.img
[!] File already indexed in oeneyeDB. Skipping.

[*] [OENEYE Master Engine]: Processing [.ximg] -> mosfetq-dos-gold-1.0.0.0.1-5.25in-1.2M.ximg
[!] File already indexed in oeneyeDB. Skipping.

[*] [OENEYE Master Engine]: Processing [.img] -> mosfetq-dos-nt-oeneye.img
[!] File already indexed in oeneyeDB. Skipping.

[*] [OENEYE Master Engine]: Processing [.s] -> mosfetq-dos.s
[!] File already indexed in oeneyeDB. Skipping.

[*] [OENEYE Master Engine]: Processing [.bin] -> mosfetq.bin
[!] File already indexed in oeneyeDB. Skipping.

[*] [OENEYE Master Engine]: Processing [.img] -> mosfetq.img
[!] File already indexed in oeneyeDB. Skipping.

[*] [OENEYE Master Engine]: Processing [.img] -> oeneye-compiled.img
[!] File already indexed in oeneyeDB. Skipping.

[*] [OENEYE Master Engine]: Processing [.sty] -> oeneye-font.sty
[!] File already indexed in oeneyeDB. Skipping.

[*] [OENEYE Master Engine]: Processing [.img] -> oeneye-mosfetq-exfat.img
[!] File already indexed in oeneyeDB. Skipping.

[*] [OENEYE Master Engine]: Processing [.img] -> oeneye-mosfetq-fat12.img
[!] File already indexed in oeneyeDB. Skipping.

[*] [OENEYE Master Engine]: Processing [.img] -> oeneye-mosfetq-fat16.img
[!] File already indexed in oeneyeDB. Skipping.

[*] [OENEYE Master Engine]: Processing [.img] -> oeneye-refs-downloaded.img
[!] File already indexed in oeneyeDB. Skipping.

[*] [OENEYE Master Engine]: Processing [.vhdx] -> oeneye-refs-new.vhdx
[!] File already indexed in oeneyeDB. Skipping.

[*] [OENEYE Master Engine]: Processing [.img] -> oeneye-refs-vhd.img
[!] File already indexed in oeneyeDB. Skipping.

[*] [OENEYE Master Engine]: Processing [.vhd] -> oeneye-refs.vhd
[!] File already indexed in oeneyeDB. Skipping.

[*] [OENEYE Master Engine]: Processing [.img] -> oeneye-sufficient-v2.img
[!] File already indexed in oeneyeDB. Skipping.

[*] [OENEYE Master Engine]: Processing [.img] -> oeneye.img
[!] File already indexed in oeneyeDB. Skipping.

[*] [OENEYE Master Engine]: Processing [.rc] -> oeneye.rc
[!] File already indexed in oeneyeDB. Skipping.

[*] [OENEYE Master Engine]: Processing [.xdll] -> oeneyeVNC
[!] File already indexed in oeneyeDB. Skipping.

[*] [OENEYE Master Engine]: Processing [.json] -> oeneye_dual_channel_ledger.json
[!] File already indexed in oeneyeDB. Skipping.

[*] [OENEYE Master Engine]: Processing [.html] -> oeneye_ecosystem_stream.html
[!] File already indexed in oeneyeDB. Skipping.

[*] [OENEYE Master Engine]: Processing [.json] -> oeneye_mainframe_declaration.json
[!] File already indexed in oeneyeDB. Skipping.

[*] [OENEYE Master Engine]: Processing [.tex] -> oeneye_monograph.tex
[!] File already indexed in oeneyeDB. Skipping.

[*] [OENEYE Master Engine]: Processing [.html] -> oeneye_movie_full.html
[!] File already indexed in oeneyeDB. Skipping.

[*] [OENEYE Master Engine]: Processing [.xdll] -> kernel
[!] File already indexed in oeneyeDB. Skipping.

[*] [OENEYE Master Engine]: Processing [.tex] -> rc_v04_specification.tex
[!] File already indexed in oeneyeDB. Skipping.

[*] [OENEYE Master Engine]: Processing [.vhdx] -> refs-oeneye.vhdx
[!] File already indexed in oeneyeDB. Skipping.

[*] [OENEYE Master Engine]: Processing [.bin] -> test.bin
[!] File already indexed in oeneyeDB. Skipping.

[*] [OENEYE Master Engine]: Processing [.com] -> test.com
[!] File already indexed in oeneyeDB. Skipping.

[*] [OENEYE Master Engine]: Processing [.ppm] -> test.ppm
[!] File already indexed in oeneyeDB. Skipping.

[*] [OENEYE Master Engine]: Processing [.profile] -> texlive.profile
[!] File already indexed in oeneyeDB. Skipping.

[*] [OENEYE Master Engine]: Processing [.zip] -> mosfetq-dos-0.3-source.zip
[!] File already indexed in oeneyeDB. Skipping.

[*] [OENEYE Master Engine]: Processing [.zip] -> mosfetq-dos-0.4-gold-rc.zip
[!] File already indexed in oeneyeDB. Skipping.

[*] [OENEYE Master Engine]: Processing [.zip] -> mosfetq-dos-0.4-rc1.zip
[!] File already indexed in oeneyeDB. Skipping.

[*] [OENEYE Master Engine]: Processing [.html] -> truth_post.html
[!] File already indexed in oeneyeDB. Skipping.

[*] [OENEYE Master Engine]: Processing [.zip] -> mosfetq-dos-gold-1.0.0.0.1-source.zip
[!] File already indexed in oeneyeDB. Skipping.

[*] [OENEYE Master Engine]: Processing [.html] -> viewer.html
[!] File already indexed in oeneyeDB. Skipping.

[*] [OENEYE Master Engine]: Processing [.zip] -> mosfetq-dos-nt-oeneye.zip
[!] File already indexed in oeneyeDB. Skipping.

[*] [OENEYE Master Engine]: Processing [.img] -> mosfetq-dos.img
[!] File already indexed in oeneyeDB. Skipping.

[*] [OENEYE Master Engine]: Processing [.pdf] -> Executive_Summary_Radius0.pdf
[!] File already indexed in oeneyeDB. Skipping.

[*] [OENEYE Master Engine]: Processing [.pdf] -> Minus_G_Vortex_Research_Synthesis.pdf
[!] File already indexed in oeneyeDB. Skipping.

[*] [OENEYE Master Engine]: Processing [.pdf] -> OENEYE_EULA (1).pdf
[!] File already indexed in oeneyeDB. Skipping.

[*] [OENEYE Master Engine]: Processing [.pdf] -> OENEYE_EULA (2).pdf
[!] File already indexed in oeneyeDB. Skipping.

[*] [OENEYE Master Engine]: Processing [.zip] -> oeneye-artwork-fat-bundle-v1.zip
[!] File already indexed in oeneyeDB. Skipping.

[*] [OENEYE Master Engine]: Processing [.pdf] -> OENEYE_EULA.pdf
[!] File already indexed in oeneyeDB. Skipping.

[*] [OENEYE Master Engine]: Processing [.log] -> OMQ.log
[!] File already indexed in oeneyeDB. Skipping.

[*] [OENEYE Master Engine]: Processing [.pdf] -> Obsidian_Brain_Mainframe_Declaration.pdf
[!] File already indexed in oeneyeDB. Skipping.

[*] [OENEYE Master Engine]: Processing [.pdf] -> PGCertQts-1.pdf
[!] File already indexed in oeneyeDB. Skipping.

[*] [OENEYE Master Engine]: Processing [.pdf] -> dnb_record.pdf
[!] File already indexed in oeneyeDB. Skipping.

[*] [OENEYE Master Engine]: Processing [.zip] -> oeneye-artwork-master-v1.1.zip
[!] File already indexed in oeneyeDB. Skipping.

[*] [OENEYE Master Engine]: Processing [.pdf] -> Radius0_Labyrinth_Manifest.pdf
[!] File already indexed in oeneyeDB. Skipping.

[*] [OENEYE Master Engine]: Processing [.zip] -> oeneye-artwork-refs-locked-bundle-v1.zip
[!] File already indexed in oeneyeDB. Skipping.

[*] [OENEYE Master Engine]: Processing [.zip] -> oeneye-distro-logo.zip
[!] File already indexed in oeneyeDB. Skipping.

[*] [OENEYE Master Engine]: Processing [.pdf] -> Radius0_FTP_Presentation_Deck.pdf
[!] File already indexed in oeneyeDB. Skipping.

[*] [OENEYE Master Engine]: Processing [.pdf] -> Radius0_Final_Fulfillment_Summary.pdf
[!] File already indexed in oeneyeDB. Skipping.

[*] [OENEYE Master Engine]: Processing [.html] -> index.html
[!] File already indexed in oeneyeDB. Skipping.

[*] [OENEYE Master Engine]: Processing [.db] -> invoice_database.db
[!] File already indexed in oeneyeDB. Skipping.

[*] [OENEYE Master Engine]: Processing [.xdll] -> ler
[!] File already indexed in oeneyeDB. Skipping.

[*] [OENEYE Master Engine]: Processing [.html] -> maga_post.html
[!] File already indexed in oeneyeDB. Skipping.

[*] [OENEYE Master Engine]: Processing [.json] -> metadata.json
[!] File already indexed in oeneyeDB. Skipping.

[*] [OENEYE Master Engine]: Processing [.img] -> mosfetq-dos-gold.img
[!] File already indexed in oeneyeDB. Skipping.

[*] [OENEYE Master Engine]: Processing [.s] -> mosfetq.s
[!] File already indexed in oeneyeDB. Skipping.

[*] [OENEYE Master Engine]: Processing [.img] -> oeneye-00x00.img
[!] File already indexed in oeneyeDB. Skipping.

[*] [OENEYE Master Engine]: Processing [.img] -> oeneye-bootstrap-bootable.img
[!] File already indexed in oeneyeDB. Skipping.

[*] [OENEYE Master Engine]: Processing [.img] -> oeneye-bootstrap.img
[!] File already indexed in oeneyeDB. Skipping.

[*] [OENEYE Master Engine]: Processing [.img] -> oeneye-ext4.img
[!] File already indexed in oeneyeDB. Skipping.

[*] [OENEYE Master Engine]: Processing [.img] -> oeneye-mosfetq-fat32.img
[!] File already indexed in oeneyeDB. Skipping.

[*] [OENEYE Master Engine]: Processing [.img] -> oeneye-ntfs.img
[!] File already indexed in oeneyeDB. Skipping.

[*] [OENEYE Master Engine]: Processing [.img] -> oeneye-phone.img
[!] File already indexed in oeneyeDB. Skipping.

[*] [OENEYE Master Engine]: Processing [.img] -> oeneye-refs-vhd-converted.img
[!] File already indexed in oeneyeDB. Skipping.

[*] [OENEYE Master Engine]: Processing [.vhdx] -> oeneye-refs.vhdx
[!] File already indexed in oeneyeDB. Skipping.

[*] [OENEYE Master Engine]: Processing [.img] -> oeneye-upscaled-32m.img
[!] File already indexed in oeneyeDB. Skipping.

[*] [OENEYE Master Engine]: Processing [.ximg] -> oeneyeTESTfont.ximg
[!] File already indexed in oeneyeDB. Skipping.

[*] [OENEYE Master Engine]: Processing [.save] -> oeneye_align.py.save
[!] File already indexed in oeneyeDB. Skipping.

[*] [OENEYE Master Engine]: Processing [.json] -> oeneye_invoices_codex.json
[!] File already indexed in oeneyeDB. Skipping.

[*] [OENEYE Master Engine]: Processing [.json] -> oeneye_label.json
[!] File already indexed in oeneyeDB. Skipping.

[*] [OENEYE Master Engine]: Processing [.html] -> oeneye_movie.html
[!] File already indexed in oeneyeDB. Skipping.

[*] [OENEYE Master Engine]: Processing [.png] -> oeneye_s.png
[!] File already indexed in oeneyeDB. Skipping.

[*] [OENEYE Master Engine]: Processing [.json] -> oeneye_zenodo_payload.json
[!] File already indexed in oeneyeDB. Skipping.

[*] [OENEYE Master Engine]: Processing [.xdll] -> oeneyepdf
[!] File already indexed in oeneyeDB. Skipping.

[*] [OENEYE Master Engine]: Processing [.c] -> oeneyepdf.c
[!] File already indexed in oeneyeDB. Skipping.

[*] [OENEYE Master Engine]: Processing [.pdf (2)] -> omq_vector_as_8x16.pdf (2)
[!] File already indexed in oeneyeDB. Skipping.

[*] [OENEYE Master Engine]: Processing [.pdf (3)] -> omq_vector_as_8x16.pdf (3)
[!] File already indexed in oeneyeDB. Skipping.

[*] [OENEYE Master Engine]: Processing [.json] -> record.json
[!] File already indexed in oeneyeDB. Skipping.

[*] [OENEYE Master Engine]: Processing [.zip] -> mosfetq-dos-0.5-source.zip
[!] File already indexed in oeneyeDB. Skipping.

[*] [OENEYE Master Engine]: Processing [.zip] -> mosfetq-dos-0.6-source.zip
[!] File already indexed in oeneyeDB. Skipping.

[*] [OENEYE Master Engine]: Processing [.bin] -> supb_dump.bin
[!] File already indexed in oeneyeDB. Skipping.

[*] [OENEYE Master Engine]: Processing [.xdll] -> tall texlive-installer
[!] File already indexed in oeneyeDB. Skipping.

[*] [OENEYE Master Engine]: Processing [.c] -> target_asset.c
[!] File already indexed in oeneyeDB. Skipping.

[*] [OENEYE Master Engine]: Processing [.png] -> test.png
[!] File already indexed in oeneyeDB. Skipping.

[*] [OENEYE Master Engine]: Processing [.tex] -> test_oeneye.tex
[!] File already indexed in oeneyeDB. Skipping.

[*] [OENEYE Master Engine]: Processing [.zip] -> oeneye-5.0-gecko.zip
[!] File already indexed in oeneyeDB. Skipping.

[*] [OENEYE Master Engine]: Processing [.html] -> trump_profile.html
[!] File already indexed in oeneyeDB. Skipping.

[*] [OENEYE Master Engine]: Processing [.zip] -> oeneye-pack.zip
[!] File already indexed in oeneyeDB. Skipping.

[*] [OENEYE Master Engine]: Processing [.pdf] -> 1.pdf
[!] File already indexed in oeneyeDB. Skipping.

[*] [OENEYE Master Engine]: Processing [.zip] -> oeneye-refs-placeholder.zip
[!] File already indexed in oeneyeDB. Skipping.

[*] [OENEYE Master Engine]: Processing [.pdf] -> FAT77_Kernel_Architecture.pdf
[!] File already indexed in oeneyeDB. Skipping.

[*] [OENEYE Master Engine]: Processing [.pdf] -> Fibonacci_Magnetism_Manifold.pdf
[!] File already indexed in oeneyeDB. Skipping.

[*] [OENEYE Master Engine]: Processing [.zip] -> oeneyeCURL.zip
[!] File already indexed in oeneyeDB. Skipping.

[*] [OENEYE Master Engine]: Processing [.zip] -> oeneyeMOSFETQfont.zip
[!] File already indexed in oeneyeDB. Skipping.

[*] [OENEYE Master Engine]: Processing [.pdf] -> Radius0_Fulcrum_Coupling.pdf
[!] File already indexed in oeneyeDB. Skipping.

[*] [OENEYE Master Engine]: Processing [.pdf] -> Radius0_StandardModel_Fulfillment.pdf
[!] File already indexed in oeneyeDB. Skipping.

[*] [OENEYE Master Engine]: Processing [.pdf] -> Radius_0_Invariance_Postulate.pdf
[!] File already indexed in oeneyeDB. Skipping.

[*] [OENEYE Master Engine]: Processing [.pdf] -> Radius_0_Variance_Theory.pdf
[!] File already indexed in oeneyeDB. Skipping.

[*] [OENEYE Master Engine]: Processing [.pdf] -> STARv3_Stabilizer_Protocol.pdf
[!] File already indexed in oeneyeDB. Skipping.

[*] [OENEYE Master Engine]: Processing [.pdf] -> Unified Master Framework oeneye and Inertia Probability (1).pdf
[!] File already indexed in oeneyeDB. Skipping.

[*] [OENEYE Master Engine]: Processing [.pdf] -> Unified_Radius_0_Theory.pdf
[!] File already indexed in oeneyeDB. Skipping.

[*] [OENEYE Master Engine]: Processing [.log] -> chapter_architecture.log
[!] File already indexed in oeneyeDB. Skipping.

[*] [OENEYE Master Engine]: Processing [.pdf] -> cnnn_manifold_report.pdf
[!] File already indexed in oeneyeDB. Skipping.

[*] [OENEYE Master Engine]: Processing [.pdf] -> dnb_publication.pdf
[!] File already indexed in oeneyeDB. Skipping.

[*] [OENEYE Master Engine]: Processing [.pdf] -> draft_MOSFETQ.pdf
[!] File already indexed in oeneyeDB. Skipping.

[*] [OENEYE Master Engine]: Processing [.zip] -> oeneye-ntfs.zip
[!] File already indexed in oeneyeDB. Skipping.

[*] [OENEYE Master Engine]: Processing [.zip] -> oeneye-wg-server.zip
[!] File already indexed in oeneyeDB. Skipping.

[*] [OENEYE Master Engine]: Processing [.zip] -> oeneye-xima.zip
[!] File already indexed in oeneyeDB. Skipping.

[*] [OENEYE Master Engine]: Processing [.pdf] -> compiling_nasa_nastran.pdf
[!] File already indexed in oeneyeDB. Skipping.

[*] [OENEYE Master Engine]: Processing [.pdf] -> dyscalculia_clinical_protocol_v2.pdf
[!] File already indexed in oeneyeDB. Skipping.

[*] [OENEYE Master Engine]: Processing [.pdf] -> fraktur_infinity.pdf
[!] File already indexed in oeneyeDB. Skipping.

[*] [OENEYE Master Engine]: Processing [.pdf] -> fraktur_infinity_final_synthesis.pdf
[!] File already indexed in oeneyeDB. Skipping.

[*] [OENEYE Master Engine]: Processing [.pdf] -> gemini_deletion_incident.pdf
[!] File already indexed in oeneyeDB. Skipping.

[*] [OENEYE Master Engine]: Processing [.zip] -> oeneyephraser-firefoxos.zip
[!] File already indexed in oeneyeDB. Skipping.

[*] [OENEYE Master Engine]: Processing [.log] -> manifold_verification.log
[!] File already indexed in oeneyeDB. Skipping.

[*] [OENEYE Master Engine]: Processing [.pdf] -> oeneye_sdk_readme.pdf
[!] File already indexed in oeneyeDB. Skipping.

[*] [OENEYE Master Engine]: Processing [.gz] -> oeneye_workspace_backup.tar.gz
[!] File already indexed in oeneyeDB. Skipping.

[*] [OENEYE Master Engine]: Processing [.html] -> ig_post.html
[!] File already indexed in oeneyeDB. Skipping.

[*] [OENEYE Master Engine]: Processing [.pdf] -> 2she0y.pdf
[!] File already indexed in oeneyeDB. Skipping.

[*] [OENEYE Master Engine]: Processing [.bin] -> bird_loader_lba2.bin
[!] File already indexed in oeneyeDB. Skipping.

[*] [OENEYE Master Engine]: Processing [.gz] -> oeneyeos_v0.2_archive.tar.gz
[!] File already indexed in oeneyeDB. Skipping.

[*] [OENEYE Master Engine]: Processing [.pdf] -> oeneyepdf-test.pdf
[!] File already indexed in oeneyeDB. Skipping.

[*] [OENEYE Master Engine]: Processing [.pdf] -> oeneyesdk_lfn_erratum.pdf
[!] File already indexed in oeneyeDB. Skipping.

[*] [OENEYE Master Engine]: Processing [.pdf] -> patient_action_protocol.pdf
[!] File already indexed in oeneyeDB. Skipping.

[*] [OENEYE Master Engine]: Processing [.pdf] -> quantumthermostatic_3month_plan.pdf
[!] File already indexed in oeneyeDB. Skipping.

[*] [OENEYE Master Engine]: Processing [.pdf] -> quantumthermostatic_invention_profile.pdf
[!] File already indexed in oeneyeDB. Skipping.

[*] [OENEYE Master Engine]: Processing [.aux] -> test_oeneye.aux
[!] File already indexed in oeneyeDB. Skipping.

[*] [OENEYE Master Engine]: Processing [.json] -> oeneyeAuth_context.json
[!] File already indexed in oeneyeDB. Skipping.

[*] [OENEYE Master Engine]: Processing [.html] -> share.html
[!] File already indexed in oeneyeDB. Skipping.

[*] [OENEYE Master Engine]: Processing [.grammar] -> oeneyeToken.grammar
[!] File already indexed in oeneyeDB. Skipping.

[*] [OENEYE Master Engine]: Processing [.toml] -> Cargo.toml
[!] File already indexed in oeneyeDB. Skipping.

[*] [OENEYE Master Engine]: Processing [.html] -> bing_search.html
[!] File already indexed in oeneyeDB. Skipping.

[*] [OENEYE Master Engine]: Processing [.zip] -> oeneyec-test-tree.zip
[!] File already indexed in oeneyeDB. Skipping.

[*] [OENEYE Master Engine]: Processing [.pdf] -> mada_submission_summary.pdf
[!] File already indexed in oeneyeDB. Skipping.

[*] [OENEYE Master Engine]: Processing [.log] -> missfont.log
[!] File already indexed in oeneyeDB. Skipping.

[*] [OENEYE Master Engine]: Processing [.aux] -> monograph.aux
[!] File already indexed in oeneyeDB. Skipping.

[*] [OENEYE Master Engine]: Processing [.log] -> monograph.log
[!] File already indexed in oeneyeDB. Skipping.

[*] [OENEYE Master Engine]: Processing [.pdf] -> monograph.pdf
[!] File already indexed in oeneyeDB. Skipping.

[*] [OENEYE Master Engine]: Processing [.pdf] -> nbn_resource.pdf
[!] File already indexed in oeneyeDB. Skipping.

[*] [OENEYE Master Engine]: Processing [.gz] -> oeneye_asset_omq.tar.gz
[!] File already indexed in oeneyeDB. Skipping.

[*] [OENEYE Master Engine]: Processing [.log] -> oeneye_audit.log
[!] File already indexed in oeneyeDB. Skipping.

[*] [OENEYE Master Engine]: Processing [.log] -> oeneye_kernel_runtime.log
[!] File already indexed in oeneyeDB. Skipping.

[*] [OENEYE Master Engine]: Processing [.pdf] -> oeneye_nested_scope.pdf
[!] File already indexed in oeneyeDB. Skipping.

[*] [OENEYE Master Engine]: Processing [.html] -> fb_post.html
[!] File already indexed in oeneyeDB. Skipping.

[*] [OENEYE Master Engine]: Processing [.pdf] -> rheinmetall_cv.pdf
[!] File already indexed in oeneyeDB. Skipping.

[*] [OENEYE Master Engine]: Processing [.pdf] -> summary.pdf
[!] File already indexed in oeneyeDB. Skipping.

[*] [OENEYE Master Engine]: Processing [.pdf] -> trex_bribery_app.pdf
[!] File already indexed in oeneyeDB. Skipping.

[*] [OENEYE Master Engine]: Processing [.zip] -> mosfetq-dos-hello-sample-v2-with-bird-lash.zip
[!] File already indexed in oeneyeDB. Skipping.

[*] [OENEYE Master Engine]: Processing [.asm] -> boot_bird_lash_patch.asm
[!] File already indexed in oeneyeDB. Skipping.

[*] [OENEYE Master Engine]: Processing [.sha256] -> combined_checksums.sha256
[!] File already indexed in oeneyeDB. Skipping.

[*] [OENEYE Master Engine]: Processing [.log] -> gh-diagnostic.log
[!] File already indexed in oeneyeDB. Skipping.

[*] [OENEYE Master Engine]: Processing [.gz] -> oeneye-chat.tar.gz
[!] File already indexed in oeneyeDB. Skipping.

[*] [OENEYE Master Engine]: Processing [.sha256] -> share.html.sha256
[!] File already indexed in oeneyeDB. Skipping.

[*] [OENEYE Master Engine]: Processing [.gz] -> oeneyeAuth_context.tar.gz
[!] File already indexed in oeneyeDB. Skipping.

[*] [OENEYE Master Engine]: Processing [.pdf] -> Radius_0_Invariance_Postulate-1.pdf
[!] File already indexed in oeneyeDB. Skipping.

[*] [OENEYE Master Engine]: Processing [.pdf] -> Unified_Radius0_Manifold_Tier.pdf
[!] File already indexed in oeneyeDB. Skipping.

[*] [OENEYE Master Engine]: Processing [.aux] -> chapter_architecture.aux
[!] File already indexed in oeneyeDB. Skipping.

[*] [OENEYE Master Engine]: Processing [.pdf] -> chapter_architecture.pdf
[!] File already indexed in oeneyeDB. Skipping.

[*] [OENEYE Master Engine]: Processing [.zip] -> oeneye-telemetry.zip
[!] File already indexed in oeneyeDB. Skipping.

[*] [OENEYE Master Engine]: Processing [.pdf] -> fraktur_infinity_lemniscate.pdf
[!] File already indexed in oeneyeDB. Skipping.

[*] [OENEYE Master Engine]: Processing [.pdf] -> fraktur_infinity_symbol.pdf
[!] File already indexed in oeneyeDB. Skipping.

[*] [OENEYE Master Engine]: Processing [.pdf] -> manifold_maga_report.pdf
[!] File already indexed in oeneyeDB. Skipping.

[*] [OENEYE Master Engine]: Processing [.log] -> oeneye_daemon.log
[+] Successfully indexed oeneye_daemon.log as [.log] into oeneyeDB.

[*] [OENEYE Master Engine]: Processing [.log] -> oeneye_rack.log
[!] File already indexed in oeneyeDB. Skipping.

[*] [OENEYE Master Engine]: Processing [.gz] -> oeneye_release_v1.0.tar.gz
[!] File already indexed in oeneyeDB. Skipping.

[*] [OENEYE Master Engine]: Processing [.zip] -> mosfetq-dos-hello-sample.zip
[!] File already indexed in oeneyeDB. Skipping.

[*] [OENEYE Master Engine]: Processing [.pdf] -> omq_vector_as_8x16.pdf
[!] File already indexed in oeneyeDB. Skipping.

[*] [OENEYE Master Engine]: Processing [.sha256] -> checksums.sha256
[!] File already indexed in oeneyeDB. Skipping.

[*] [OENEYE Master Engine]: Processing [.html] -> auth_response.html
[!] File already indexed in oeneyeDB. Skipping.

[*] [OENEYE Master Engine]: Processing [.log] -> test_oeneye.log
[!] File already indexed in oeneyeDB. Skipping.

[*] [OENEYE Master Engine]: Processing [.sha256] -> auth_response.html.sha256
[!] File already indexed in oeneyeDB. Skipping.

[*] [OENEYE Master Engine]: Processing [.html] -> ximg_response.html
[!] File already indexed in oeneyeDB. Skipping.

[*] [OENEYE Master Engine]: Processing [.sha256] -> ximg_response.html.sha256
[!] File already indexed in oeneyeDB. Skipping.

[*] [OENEYE Master Engine]: Processing [.json] -> perplexity_response.json
[!] File already indexed in oeneyeDB. Skipping.

[*] [OENEYE Master Engine]: Processing [.sha256] -> manifest.sha256
[!] File already indexed in oeneyeDB. Skipping.

[*] [OENEYE Master Engine]: Processing [.log] -> oeneye_deployment_audit.log
[!] File already indexed in oeneyeDB. Skipping.

[*] [OENEYE Master Engine]: Processing [.md5] -> checksums.md5
[!] File already indexed in oeneyeDB. Skipping.

[*] [OENEYE Master Engine]: Processing [.pdf] -> trump_beneficiaro_profile.pdf
[!] File already indexed in oeneyeDB. Skipping.

[*] [OENEYE Master Engine]: Processing [.png] -> BIRD_1024_white.png
[!] File already indexed in oeneyeDB. Skipping.

[*] [OENEYE Master Engine]: Processing [.webp] -> BIRD_Laifsmitch_1024.webp
[!] File already indexed in oeneyeDB. Skipping.

[*] [OENEYE Master Engine]: Processing [.img] -> hello_bird_lba2.img
[!] File already indexed in oeneyeDB. Skipping.

[*] [OENEYE Master Engine]: Processing [.pdf] -> test.pdf
[!] File already indexed in oeneyeDB. Skipping.

[*] [OENEYE Master Engine]: Processing [.xdll] -> earch 7z
[!] File already indexed in oeneyeDB. Skipping.

[*] [OENEYE Master Engine]: Processing [.sha256] -> oeneyeAuth_context.json.sha256
[!] File already indexed in oeneyeDB. Skipping.

[*] [OENEYE Master Engine]: Processing [.sha256] -> oeneyeAuth_context.tar.gz.sha256
[!] File already indexed in oeneyeDB. Skipping.

[*] [OENEYE Master Engine]: Processing [.xdll] -> oeneyeToken
[!] File already indexed in oeneyeDB. Skipping.

[*] [OENEYE Master Engine]: Processing [.lock] -> Cargo.lock
[!] File already indexed in oeneyeDB. Skipping.

[*] [OENEYE Master Engine]: Processing [.html] -> phia_page.html
[!] File already indexed in oeneyeDB. Skipping.

[*] [OENEYE Master Engine]: Processing [.html] -> phia_share.html
[!] File already indexed in oeneyeDB. Skipping.

[*] [OENEYE Master Engine]: Processing [.log] -> LEDGER_SYNC.LOG
[!] File already indexed in oeneyeDB. Skipping.

[*] [OENEYE Master Engine]: Processing [.fnt] -> OMQ.FNT
[!] File already indexed in oeneyeDB. Skipping.

[*] [OENEYE Master Engine]: Processing [.pyc] -> __init__.cpython-312.pyc
[!] File already indexed in oeneyeDB. Skipping.

[*] [OENEYE Master Engine]: Processing [.pyc] -> bridge_oeneye_chaosnet.cpython-312.pyc
[!] File already indexed in oeneyeDB. Skipping.

[*] [OENEYE Master Engine]: Processing [.pyc] -> chaosnet_codec.cpython-312.pyc
[!] File already indexed in oeneyeDB. Skipping.

[*] [OENEYE Master Engine]: Processing [.iso] -> oeneye.iso
[!] File already indexed in oeneyeDB. Skipping.

[*] [OENEYE Master Engine]: Processing [.pyc] -> decode_oeneye_chaosnet.cpython-312.pyc
[!] File already indexed in oeneyeDB. Skipping.

[*] [OENEYE Master Engine]: Processing [.pyc] -> emu_dos.cpython-312.pyc
[!] File already indexed in oeneyeDB. Skipping.

[*] [OENEYE Master Engine]: Processing [.json] -> 22845198.json
[!] File already indexed in oeneyeDB. Skipping.

[*] [OENEYE Master Engine]: Processing [.json] -> 22911730.json
[!] File already indexed in oeneyeDB. Skipping.

[*] [OENEYE Master Engine]: Processing [.pyc] -> filesystem.cpython-312.pyc
[!] File already indexed in oeneyeDB. Skipping.

[*] [OENEYE Master Engine]: Processing [.json] -> 22958760.json
[!] File already indexed in oeneyeDB. Skipping.

[*] [OENEYE Master Engine]: Processing [.pdf] -> test_oeneye.pdf
[!] File already indexed in oeneyeDB. Skipping.

[*] [OENEYE Master Engine]: Processing [.json] -> 22973669.json
[!] File already indexed in oeneyeDB. Skipping.

[*] [OENEYE Master Engine]: Processing [.json] -> 22983037.json
[!] File already indexed in oeneyeDB. Skipping.

[*] [OENEYE Master Engine]: Processing [.img] -> 86_dos_v0.1_original.img
[!] File already indexed in oeneyeDB. Skipping.

[*] [OENEYE Master Engine]: Processing [.bat] -> AUTOEXEC.BAT
[!] File already indexed in oeneyeDB. Skipping.

[*] [OENEYE Master Engine]: Processing [.img] -> DOSoeneyeNT.img
[!] File already indexed in oeneyeDB. Skipping.

[*] [OENEYE Master Engine]: Processing [.xdll] -> FILENAME_HERE
[!] File already indexed in oeneyeDB. Skipping.

[*] [OENEYE Master Engine]: Processing [.xdll] -> Mada Innovation Award
[!] File already indexed in oeneyeDB. Skipping.

[*] [OENEYE Master Engine]: Processing [.xdll] -> Makefile
[!] File already indexed in oeneyeDB. Skipping.

[*] [OENEYE Master Engine]: Processing [.img] -> NToeneyeDOS.img
[!] File already indexed in oeneyeDB. Skipping.

[*] [OENEYE Master Engine]: Processing [.doc] -> Notenspiegel.doc
[!] File already indexed in oeneyeDB. Skipping.

[*] [OENEYE Master Engine]: Processing [.md] -> OENEYE_EULA.md
[!] File already indexed in oeneyeDB. Skipping.

[*] [OENEYE Master Engine]: Processing [.ttf] -> OMQ.ttf
[!] File already indexed in oeneyeDB. Skipping.

[*] [OENEYE Master Engine]: Processing [.sha256] -> OMQ.ttf.sha256
[!] File already indexed in oeneyeDB. Skipping.

[*] [OENEYE Master Engine]: Processing [.bin] -> OQM_file.bin
[!] File already indexed in oeneyeDB. Skipping.

[*] [OENEYE Master Engine]: Processing [.m] -> OeneyeClock.m
[!] File already indexed in oeneyeDB. Skipping.

[*] [OENEYE Master Engine]: Processing [.png] -> Screenshot_20260727-150025.png
[!] File already indexed in oeneyeDB. Skipping.

[*] [OENEYE Master Engine]: Processing [.md] -> TODO.md
[!] File already indexed in oeneyeDB. Skipping.

[*] [OENEYE Master Engine]: Processing [.ximg] -> User1.ximg
[!] File already indexed in oeneyeDB. Skipping.

[*] [OENEYE Master Engine]: Processing [.xdll] -> VERSION_TARGET
[!] File already indexed in oeneyeDB. Skipping.

[*] [OENEYE Master Engine]: Processing [.html] -> ig_story.html
[!] File already indexed in oeneyeDB. Skipping.

[*] [OENEYE Master Engine]: Processing [.pyc] -> kernel.cpython-312.pyc
[!] File already indexed in oeneyeDB. Skipping.

[*] [OENEYE Master Engine]: Processing [.pyc] -> oeneye_hotspot.cpython-312.pyc
[!] File already indexed in oeneyeDB. Skipping.

[*] [OENEYE Master Engine]: Processing [.pyc] -> oeneye_master_init.cpython-312.pyc
[!] File already indexed in oeneyeDB. Skipping.

[*] [OENEYE Master Engine]: Processing [.pyc] -> oeneyeasm.cpython-312.pyc
[!] File already indexed in oeneyeDB. Skipping.

[*] [OENEYE Master Engine]: Processing [.pyc] -> sync_hub.cpython-313.pyc
[!] File already indexed in oeneyeDB. Skipping.

[*] [OENEYE Master Engine]: Processing [.zip] -> mosfetq-dos-gold-source.zip
[!] File already indexed in oeneyeDB. Skipping.

[*] [OENEYE Master Engine]: Processing [.md] -> README.md
[!] File already indexed in oeneyeDB. Skipping.

[*] [OENEYE Master Engine]: Processing [.tex] -> chapter_architecture.tex
[!] File already indexed in oeneyeDB. Skipping.

[*] [OENEYE Master Engine]: Processing [.bin] -> chkp_dump.bin
[!] File already indexed in oeneyeDB. Skipping.

[*] [OENEYE Master Engine]: Processing [.xdll] -> content
[!] File already indexed in oeneyeDB. Skipping.

[*] [OENEYE Master Engine]: Processing [.xml] -> datacite.xml
[!] File already indexed in oeneyeDB. Skipping.

[*] [OENEYE Master Engine]: Processing [.bin] -> delta_slice_0_off_000D.bin
[!] File already indexed in oeneyeDB. Skipping.

[*] [OENEYE Master Engine]: Processing [.bin] -> delta_slice_1_off_0130.bin
[!] File already indexed in oeneyeDB. Skipping.

[*] [OENEYE Master Engine]: Processing [.bin] -> delta_slice_2_off_0198.bin
[!] File already indexed in oeneyeDB. Skipping.

[*] [OENEYE Master Engine]: Processing [.bin] -> delta_slice_3_off_0200.bin
[!] File already indexed in oeneyeDB. Skipping.

[*] [OENEYE Master Engine]: Processing [.png] -> dnb_enhanced_highres.png
[!] File already indexed in oeneyeDB. Skipping.

[*] [OENEYE Master Engine]: Processing [.json] -> dos_filesystem_index.json
[!] File already indexed in oeneyeDB. Skipping.

[*] [OENEYE Master Engine]: Processing [.docx] -> draft_MOSFETQ.docx
[!] File already indexed in oeneyeDB. Skipping.

[*] [OENEYE Master Engine]: Processing [.bak] -> emu_dos.bak
[!] File already indexed in oeneyeDB. Skipping.

[*] [OENEYE Master Engine]: Processing [.png] -> extracted_test.png
[!] File already indexed in oeneyeDB. Skipping.

[*] [OENEYE Master Engine]: Processing [.ppm] -> extracted_test.ppm
[!] File already indexed in oeneyeDB. Skipping.

[*] [OENEYE Master Engine]: Processing [.img] -> fat12.img
[!] File already indexed in oeneyeDB. Skipping.

[*] [OENEYE Master Engine]: Processing [.json] -> invoice_pretty.json
[!] File already indexed in oeneyeDB. Skipping.

[*] [OENEYE Master Engine]: Processing [.md] -> invoice_receipt.md
[!] File already indexed in oeneyeDB. Skipping.

[*] [OENEYE Master Engine]: Processing [.png] -> loginbg.png
[!] File already indexed in oeneyeDB. Skipping.

[*] [OENEYE Master Engine]: Processing [.png] -> logo.png
[!] File already indexed in oeneyeDB. Skipping.

[*] [OENEYE Master Engine]: Processing [.bat] -> make_oeneye_refs.bat
[!] File already indexed in oeneyeDB. Skipping.

[*] [OENEYE Master Engine]: Processing [.tex] -> monograph.tex
[!] File already indexed in oeneyeDB. Skipping.

[*] [OENEYE Master Engine]: Processing [.img] -> mosfetq-dos (1).img
[!] File already indexed in oeneyeDB. Skipping.

[*] [OENEYE Master Engine]: Processing [.s] -> mosfetq-dos-0.6.s
[!] File already indexed in oeneyeDB. Skipping.

[*] [OENEYE Master Engine]: Processing [.img] -> mosfetq-dos-1200.img
[!] File already indexed in oeneyeDB. Skipping.

[*] [OENEYE Master Engine]: Processing [.img] -> mosfetq-dos-1440.img
[!] File already indexed in oeneyeDB. Skipping.

[*] [OENEYE Master Engine]: Processing [.img] -> mosfetq-dos-gold-1.0.0.0.1-3.5in-1.44M.img
[!] File already indexed in oeneyeDB. Skipping.

[*] [OENEYE Master Engine]: Processing [.ximg] -> mosfetq-dos-gold-1.0.0.0.1-5.25in-1.2M.ximg
[!] File already indexed in oeneyeDB. Skipping.

[*] [OENEYE Master Engine]: Processing [.img] -> mosfetq-dos-nt-oeneye.img
[!] File already indexed in oeneyeDB. Skipping.

[*] [OENEYE Master Engine]: Processing [.s] -> mosfetq-dos.s
[!] File already indexed in oeneyeDB. Skipping.

[*] [OENEYE Master Engine]: Processing [.bin] -> mosfetq.bin
[!] File already indexed in oeneyeDB. Skipping.

[*] [OENEYE Master Engine]: Processing [.img] -> mosfetq.img
[!] File already indexed in oeneyeDB. Skipping.

[*] [OENEYE Master Engine]: Processing [.img] -> oeneye-compiled.img
[!] File already indexed in oeneyeDB. Skipping.

[*] [OENEYE Master Engine]: Processing [.sty] -> oeneye-font.sty
[!] File already indexed in oeneyeDB. Skipping.

[*] [OENEYE Master Engine]: Processing [.img] -> oeneye-mosfetq-exfat.img
[!] File already indexed in oeneyeDB. Skipping.

[*] [OENEYE Master Engine]: Processing [.img] -> oeneye-mosfetq-fat12.img
[!] File already indexed in oeneyeDB. Skipping.

[*] [OENEYE Master Engine]: Processing [.img] -> oeneye-mosfetq-fat16.img
[!] File already indexed in oeneyeDB. Skipping.

[*] [OENEYE Master Engine]: Processing [.img] -> oeneye-refs-downloaded.img
[!] File already indexed in oeneyeDB. Skipping.

[*] [OENEYE Master Engine]: Processing [.vhdx] -> oeneye-refs-new.vhdx
[!] File already indexed in oeneyeDB. Skipping.

[*] [OENEYE Master Engine]: Processing [.img] -> oeneye-refs-vhd.img
[!] File already indexed in oeneyeDB. Skipping.

[*] [OENEYE Master Engine]: Processing [.vhd] -> oeneye-refs.vhd
[!] File already indexed in oeneyeDB. Skipping.

[*] [OENEYE Master Engine]: Processing [.img] -> oeneye-sufficient-v2.img
[!] File already indexed in oeneyeDB. Skipping.

[*] [OENEYE Master Engine]: Processing [.img] -> oeneye.img
[!] File already indexed in oeneyeDB. Skipping.

[*] [OENEYE Master Engine]: Processing [.rc] -> oeneye.rc
[!] File already indexed in oeneyeDB. Skipping.

[*] [OENEYE Master Engine]: Processing [.xdll] -> oeneyeVNC
[!] File already indexed in oeneyeDB. Skipping.

[*] [OENEYE Master Engine]: Processing [.json] -> oeneye_dual_channel_ledger.json
[!] File already indexed in oeneyeDB. Skipping.

[*] [OENEYE Master Engine]: Processing [.html] -> oeneye_ecosystem_stream.html
[!] File already indexed in oeneyeDB. Skipping.

[*] [OENEYE Master Engine]: Processing [.json] -> oeneye_mainframe_declaration.json
[!] File already indexed in oeneyeDB. Skipping.

[*] [OENEYE Master Engine]: Processing [.tex] -> oeneye_monograph.tex
[!] File already indexed in oeneyeDB. Skipping.

[*] [OENEYE Master Engine]: Processing [.html] -> oeneye_movie_full.html
[!] File already indexed in oeneyeDB. Skipping.

[*] [OENEYE Master Engine]: Processing [.xdll] -> kernel
[!] File already indexed in oeneyeDB. Skipping.

[*] [OENEYE Master Engine]: Processing [.tex] -> rc_v04_specification.tex
[!] File already indexed in oeneyeDB. Skipping.

[*] [OENEYE Master Engine]: Processing [.vhdx] -> refs-oeneye.vhdx
[!] File already indexed in oeneyeDB. Skipping.

[*] [OENEYE Master Engine]: Processing [.bin] -> test.bin
[!] File already indexed in oeneyeDB. Skipping.

[*] [OENEYE Master Engine]: Processing [.com] -> test.com
[!] File already indexed in oeneyeDB. Skipping.

[*] [OENEYE Master Engine]: Processing [.ppm] -> test.ppm
[!] File already indexed in oeneyeDB. Skipping.

[*] [OENEYE Master Engine]: Processing [.profile] -> texlive.profile
[!] File already indexed in oeneyeDB. Skipping.

[*] [OENEYE Master Engine]: Processing [.zip] -> mosfetq-dos-0.3-source.zip
[!] File already indexed in oeneyeDB. Skipping.

[*] [OENEYE Master Engine]: Processing [.zip] -> mosfetq-dos-0.4-gold-rc.zip
[!] File already indexed in oeneyeDB. Skipping.

[*] [OENEYE Master Engine]: Processing [.zip] -> mosfetq-dos-0.4-rc1.zip
[!] File already indexed in oeneyeDB. Skipping.

[*] [OENEYE Master Engine]: Processing [.html] -> truth_post.html
[!] File already indexed in oeneyeDB. Skipping.

[*] [OENEYE Master Engine]: Processing [.zip] -> mosfetq-dos-gold-1.0.0.0.1-source.zip
[!] File already indexed in oeneyeDB. Skipping.

[*] [OENEYE Master Engine]: Processing [.html] -> viewer.html
[!] File already indexed in oeneyeDB. Skipping.

[*] [OENEYE Master Engine]: Processing [.zip] -> mosfetq-dos-nt-oeneye.zip
[!] File already indexed in oeneyeDB. Skipping.

[*] [OENEYE Master Engine]: Processing [.img] -> mosfetq-dos.img
[!] File already indexed in oeneyeDB. Skipping.

[*] [OENEYE Master Engine]: Processing [.pdf] -> Executive_Summary_Radius0.pdf
[!] File already indexed in oeneyeDB. Skipping.

[*] [OENEYE Master Engine]: Processing [.pdf] -> Minus_G_Vortex_Research_Synthesis.pdf
[!] File already indexed in oeneyeDB. Skipping.

[*] [OENEYE Master Engine]: Processing [.pdf] -> OENEYE_EULA (1).pdf
[!] File already indexed in oeneyeDB. Skipping.

[*] [OENEYE Master Engine]: Processing [.pdf] -> OENEYE_EULA (2).pdf
[!] File already indexed in oeneyeDB. Skipping.

[*] [OENEYE Master Engine]: Processing [.zip] -> oeneye-artwork-fat-bundle-v1.zip
[!] File already indexed in oeneyeDB. Skipping.

[*] [OENEYE Master Engine]: Processing [.pdf] -> OENEYE_EULA.pdf
[!] File already indexed in oeneyeDB. Skipping.

[*] [OENEYE Master Engine]: Processing [.log] -> OMQ.log
[!] File already indexed in oeneyeDB. Skipping.

[*] [OENEYE Master Engine]: Processing [.pdf] -> Obsidian_Brain_Mainframe_Declaration.pdf
[!] File already indexed in oeneyeDB. Skipping.

[*] [OENEYE Master Engine]: Processing [.pdf] -> PGCertQts-1.pdf
[!] File already indexed in oeneyeDB. Skipping.

[*] [OENEYE Master Engine]: Processing [.pdf] -> dnb_record.pdf
[!] File already indexed in oeneyeDB. Skipping.

[*] [OENEYE Master Engine]: Processing [.zip] -> oeneye-artwork-master-v1.1.zip
[!] File already indexed in oeneyeDB. Skipping.

[*] [OENEYE Master Engine]: Processing [.pdf] -> Radius0_Labyrinth_Manifest.pdf
[!] File already indexed in oeneyeDB. Skipping.

[*] [OENEYE Master Engine]: Processing [.zip] -> oeneye-artwork-refs-locked-bundle-v1.zip
[!] File already indexed in oeneyeDB. Skipping.

[*] [OENEYE Master Engine]: Processing [.zip] -> oeneye-distro-logo.zip
[!] File already indexed in oeneyeDB. Skipping.

[*] [OENEYE Master Engine]: Processing [.pdf] -> Radius0_FTP_Presentation_Deck.pdf
[!] File already indexed in oeneyeDB. Skipping.

[*] [OENEYE Master Engine]: Processing [.pdf] -> Radius0_Final_Fulfillment_Summary.pdf
[!] File already indexed in oeneyeDB. Skipping.

[*] [OENEYE Master Engine]: Processing [.html] -> index.html
[!] File already indexed in oeneyeDB. Skipping.

[*] [OENEYE Master Engine]: Processing [.db] -> invoice_database.db
[!] File already indexed in oeneyeDB. Skipping.

[*] [OENEYE Master Engine]: Processing [.xdll] -> ler
[!] File already indexed in oeneyeDB. Skipping.

[*] [OENEYE Master Engine]: Processing [.html] -> maga_post.html
[!] File already indexed in oeneyeDB. Skipping.

[*] [OENEYE Master Engine]: Processing [.json] -> metadata.json
[!] File already indexed in oeneyeDB. Skipping.

[*] [OENEYE Master Engine]: Processing [.img] -> mosfetq-dos-gold.img
[!] File already indexed in oeneyeDB. Skipping.

[*] [OENEYE Master Engine]: Processing [.s] -> mosfetq.s
[!] File already indexed in oeneyeDB. Skipping.

[*] [OENEYE Master Engine]: Processing [.img] -> oeneye-00x00.img
[!] File already indexed in oeneyeDB. Skipping.

[*] [OENEYE Master Engine]: Processing [.img] -> oeneye-bootstrap-bootable.img
[!] File already indexed in oeneyeDB. Skipping.

[*] [OENEYE Master Engine]: Processing [.img] -> oeneye-bootstrap.img
[!] File already indexed in oeneyeDB. Skipping.

[*] [OENEYE Master Engine]: Processing [.img] -> oeneye-ext4.img
[!] File already indexed in oeneyeDB. Skipping.

[*] [OENEYE Master Engine]: Processing [.img] -> oeneye-mosfetq-fat32.img
[!] File already indexed in oeneyeDB. Skipping.

[*] [OENEYE Master Engine]: Processing [.img] -> oeneye-ntfs.img
[!] File already indexed in oeneyeDB. Skipping.

[*] [OENEYE Master Engine]: Processing [.img] -> oeneye-phone.img
[!] File already indexed in oeneyeDB. Skipping.

[*] [OENEYE Master Engine]: Processing [.img] -> oeneye-refs-vhd-converted.img
[!] File already indexed in oeneyeDB. Skipping.

[*] [OENEYE Master Engine]: Processing [.vhdx] -> oeneye-refs.vhdx
[!] File already indexed in oeneyeDB. Skipping.

[*] [OENEYE Master Engine]: Processing [.img] -> oeneye-upscaled-32m.img
[!] File already indexed in oeneyeDB. Skipping.

[*] [OENEYE Master Engine]: Processing [.ximg] -> oeneyeTESTfont.ximg
[!] File already indexed in oeneyeDB. Skipping.

[*] [OENEYE Master Engine]: Processing [.save] -> oeneye_align.py.save
[!] File already indexed in oeneyeDB. Skipping.

[*] [OENEYE Master Engine]: Processing [.json] -> oeneye_invoices_codex.json
[!] File already indexed in oeneyeDB. Skipping.

[*] [OENEYE Master Engine]: Processing [.json] -> oeneye_label.json
[!] File already indexed in oeneyeDB. Skipping.

[*] [OENEYE Master Engine]: Processing [.html] -> oeneye_movie.html
[!] File already indexed in oeneyeDB. Skipping.

[*] [OENEYE Master Engine]: Processing [.png] -> oeneye_s.png
[!] File already indexed in oeneyeDB. Skipping.

[*] [OENEYE Master Engine]: Processing [.json] -> oeneye_zenodo_payload.json
[!] File already indexed in oeneyeDB. Skipping.

[*] [OENEYE Master Engine]: Processing [.xdll] -> oeneyepdf
[!] File already indexed in oeneyeDB. Skipping.

[*] [OENEYE Master Engine]: Processing [.c] -> oeneyepdf.c
[!] File already indexed in oeneyeDB. Skipping.

[*] [OENEYE Master Engine]: Processing [.pdf (2)] -> omq_vector_as_8x16.pdf (2)
[!] File already indexed in oeneyeDB. Skipping.

[*] [OENEYE Master Engine]: Processing [.pdf (3)] -> omq_vector_as_8x16.pdf (3)
[!] File already indexed in oeneyeDB. Skipping.

[*] [OENEYE Master Engine]: Processing [.json] -> record.json
[!] File already indexed in oeneyeDB. Skipping.

[*] [OENEYE Master Engine]: Processing [.zip] -> mosfetq-dos-0.5-source.zip
[!] File already indexed in oeneyeDB. Skipping.

[*] [OENEYE Master Engine]: Processing [.zip] -> mosfetq-dos-0.6-source.zip
[!] File already indexed in oeneyeDB. Skipping.

[*] [OENEYE Master Engine]: Processing [.bin] -> supb_dump.bin
[!] File already indexed in oeneyeDB. Skipping.

[*] [OENEYE Master Engine]: Processing [.xdll] -> tall texlive-installer
[!] File already indexed in oeneyeDB. Skipping.

[*] [OENEYE Master Engine]: Processing [.c] -> target_asset.c
[!] File already indexed in oeneyeDB. Skipping.

[*] [OENEYE Master Engine]: Processing [.png] -> test.png
[!] File already indexed in oeneyeDB. Skipping.

[*] [OENEYE Master Engine]: Processing [.tex] -> test_oeneye.tex
[!] File already indexed in oeneyeDB. Skipping.

[*] [OENEYE Master Engine]: Processing [.zip] -> oeneye-5.0-gecko.zip
[!] File already indexed in oeneyeDB. Skipping.

[*] [OENEYE Master Engine]: Processing [.html] -> trump_profile.html
[!] File already indexed in oeneyeDB. Skipping.

[*] [OENEYE Master Engine]: Processing [.zip] -> oeneye-pack.zip
[!] File already indexed in oeneyeDB. Skipping.

[*] [OENEYE Master Engine]: Processing [.pdf] -> 1.pdf
[!] File already indexed in oeneyeDB. Skipping.

[*] [OENEYE Master Engine]: Processing [.zip] -> oeneye-refs-placeholder.zip
[!] File already indexed in oeneyeDB. Skipping.

[*] [OENEYE Master Engine]: Processing [.pdf] -> FAT77_Kernel_Architecture.pdf
[!] File already indexed in oeneyeDB. Skipping.

[*] [OENEYE Master Engine]: Processing [.pdf] -> Fibonacci_Magnetism_Manifold.pdf
[!] File already indexed in oeneyeDB. Skipping.

[*] [OENEYE Master Engine]: Processing [.zip] -> oeneyeCURL.zip
[!] File already indexed in oeneyeDB. Skipping.

[*] [OENEYE Master Engine]: Processing [.zip] -> oeneyeMOSFETQfont.zip
[!] File already indexed in oeneyeDB. Skipping.

[*] [OENEYE Master Engine]: Processing [.pdf] -> Radius0_Fulcrum_Coupling.pdf
[!] File already indexed in oeneyeDB. Skipping.

[*] [OENEYE Master Engine]: Processing [.pdf] -> Radius0_StandardModel_Fulfillment.pdf
[!] File already indexed in oeneyeDB. Skipping.

[*] [OENEYE Master Engine]: Processing [.pdf] -> Radius_0_Invariance_Postulate.pdf
[!] File already indexed in oeneyeDB. Skipping.

[*] [OENEYE Master Engine]: Processing [.pdf] -> Radius_0_Variance_Theory.pdf
[!] File already indexed in oeneyeDB. Skipping.

[*] [OENEYE Master Engine]: Processing [.pdf] -> STARv3_Stabilizer_Protocol.pdf
[!] File already indexed in oeneyeDB. Skipping.

[*] [OENEYE Master Engine]: Processing [.pdf] -> Unified Master Framework oeneye and Inertia Probability (1).pdf
[!] File already indexed in oeneyeDB. Skipping.

[*] [OENEYE Master Engine]: Processing [.pdf] -> Unified_Radius_0_Theory.pdf
[!] File already indexed in oeneyeDB. Skipping.

[*] [OENEYE Master Engine]: Processing [.log] -> chapter_architecture.log
[!] File already indexed in oeneyeDB. Skipping.

[*] [OENEYE Master Engine]: Processing [.pdf] -> cnnn_manifold_report.pdf
[!] File already indexed in oeneyeDB. Skipping.

[*] [OENEYE Master Engine]: Processing [.pdf] -> dnb_publication.pdf
[!] File already indexed in oeneyeDB. Skipping.

[*] [OENEYE Master Engine]: Processing [.pdf] -> draft_MOSFETQ.pdf
[!] File already indexed in oeneyeDB. Skipping.

[*] [OENEYE Master Engine]: Processing [.zip] -> oeneye-ntfs.zip
[!] File already indexed in oeneyeDB. Skipping.

[*] [OENEYE Master Engine]: Processing [.zip] -> oeneye-wg-server.zip
[!] File already indexed in oeneyeDB. Skipping.

[*] [OENEYE Master Engine]: Processing [.zip] -> oeneye-xima.zip
[!] File already indexed in oeneyeDB. Skipping.

[*] [OENEYE Master Engine]: Processing [.pdf] -> compiling_nasa_nastran.pdf
[!] File already indexed in oeneyeDB. Skipping.

[*] [OENEYE Master Engine]: Processing [.pdf] -> dyscalculia_clinical_protocol_v2.pdf
[!] File already indexed in oeneyeDB. Skipping.

[*] [OENEYE Master Engine]: Processing [.pdf] -> fraktur_infinity.pdf
[!] File already indexed in oeneyeDB. Skipping.

[*] [OENEYE Master Engine]: Processing [.pdf] -> fraktur_infinity_final_synthesis.pdf
[!] File already indexed in oeneyeDB. Skipping.

[*] [OENEYE Master Engine]: Processing [.pdf] -> gemini_deletion_incident.pdf
[!] File already indexed in oeneyeDB. Skipping.

[*] [OENEYE Master Engine]: Processing [.zip] -> oeneyephraser-firefoxos.zip
[!] File already indexed in oeneyeDB. Skipping.

[*] [OENEYE Master Engine]: Processing [.log] -> manifold_verification.log
[!] File already indexed in oeneyeDB. Skipping.

[*] [OENEYE Master Engine]: Processing [.pdf] -> oeneye_sdk_readme.pdf
[!] File already indexed in oeneyeDB. Skipping.

[*] [OENEYE Master Engine]: Processing [.gz] -> oeneye_workspace_backup.tar.gz
[!] File already indexed in oeneyeDB. Skipping.

[*] [OENEYE Master Engine]: Processing [.html] -> ig_post.html
[!] File already indexed in oeneyeDB. Skipping.

[*] [OENEYE Master Engine]: Processing [.pdf] -> 2she0y.pdf
[!] File already indexed in oeneyeDB. Skipping.

[*] [OENEYE Master Engine]: Processing [.bin] -> bird_loader_lba2.bin
[!] File already indexed in oeneyeDB. Skipping.

[*] [OENEYE Master Engine]: Processing [.gz] -> oeneyeos_v0.2_archive.tar.gz
[!] File already indexed in oeneyeDB. Skipping.

[*] [OENEYE Master Engine]: Processing [.pdf] -> oeneyepdf-test.pdf
[!] File already indexed in oeneyeDB. Skipping.

[*] [OENEYE Master Engine]: Processing [.pdf] -> oeneyesdk_lfn_erratum.pdf
[!] File already indexed in oeneyeDB. Skipping.

[*] [OENEYE Master Engine]: Processing [.pdf] -> patient_action_protocol.pdf
[!] File already indexed in oeneyeDB. Skipping.

[*] [OENEYE Master Engine]: Processing [.pdf] -> quantumthermostatic_3month_plan.pdf
[!] File already indexed in oeneyeDB. Skipping.

[*] [OENEYE Master Engine]: Processing [.pdf] -> quantumthermostatic_invention_profile.pdf
[!] File already indexed in oeneyeDB. Skipping.

[*] [OENEYE Master Engine]: Processing [.aux] -> test_oeneye.aux
[!] File already indexed in oeneyeDB. Skipping.

[*] [OENEYE Master Engine]: Processing [.json] -> oeneyeAuth_context.json
[!] File already indexed in oeneyeDB. Skipping.

[*] [OENEYE Master Engine]: Processing [.html] -> share.html
[!] File already indexed in oeneyeDB. Skipping.

[*] [OENEYE Master Engine]: Processing [.grammar] -> oeneyeToken.grammar
[!] File already indexed in oeneyeDB. Skipping.

[*] [OENEYE Master Engine]: Processing [.toml] -> Cargo.toml
[!] File already indexed in oeneyeDB. Skipping.

[*] [OENEYE Master Engine]: Processing [.html] -> bing_search.html
[!] File already indexed in oeneyeDB. Skipping.

[*] [OENEYE Master Engine]: Processing [.zip] -> oeneyec-test-tree.zip
[!] File already indexed in oeneyeDB. Skipping.

[*] [OENEYE Master Engine]: Processing [.pdf] -> mada_submission_summary.pdf
[!] File already indexed in oeneyeDB. Skipping.

[*] [OENEYE Master Engine]: Processing [.log] -> missfont.log
[!] File already indexed in oeneyeDB. Skipping.

[*] [OENEYE Master Engine]: Processing [.aux] -> monograph.aux
[!] File already indexed in oeneyeDB. Skipping.

[*] [OENEYE Master Engine]: Processing [.log] -> monograph.log
[!] File already indexed in oeneyeDB. Skipping.

[*] [OENEYE Master Engine]: Processing [.pdf] -> monograph.pdf
[!] File already indexed in oeneyeDB. Skipping.

[*] [OENEYE Master Engine]: Processing [.pdf] -> nbn_resource.pdf
[!] File already indexed in oeneyeDB. Skipping.

[*] [OENEYE Master Engine]: Processing [.gz] -> oeneye_asset_omq.tar.gz
[!] File already indexed in oeneyeDB. Skipping.

[*] [OENEYE Master Engine]: Processing [.log] -> oeneye_audit.log
[!] File already indexed in oeneyeDB. Skipping.

[*] [OENEYE Master Engine]: Processing [.log] -> oeneye_kernel_runtime.log
[!] File already indexed in oeneyeDB. Skipping.

[*] [OENEYE Master Engine]: Processing [.pdf] -> oeneye_nested_scope.pdf
[!] File already indexed in oeneyeDB. Skipping.

[*] [OENEYE Master Engine]: Processing [.html] -> fb_post.html
[!] File already indexed in oeneyeDB. Skipping.

[*] [OENEYE Master Engine]: Processing [.pdf] -> rheinmetall_cv.pdf
[!] File already indexed in oeneyeDB. Skipping.

[*] [OENEYE Master Engine]: Processing [.pdf] -> summary.pdf
[!] File already indexed in oeneyeDB. Skipping.

[*] [OENEYE Master Engine]: Processing [.pdf] -> trex_bribery_app.pdf
[!] File already indexed in oeneyeDB. Skipping.

[*] [OENEYE Master Engine]: Processing [.zip] -> mosfetq-dos-hello-sample-v2-with-bird-lash.zip
[!] File already indexed in oeneyeDB. Skipping.

[*] [OENEYE Master Engine]: Processing [.asm] -> boot_bird_lash_patch.asm
[!] File already indexed in oeneyeDB. Skipping.

[*] [OENEYE Master Engine]: Processing [.sha256] -> combined_checksums.sha256
[!] File already indexed in oeneyeDB. Skipping.

[*] [OENEYE Master Engine]: Processing [.log] -> gh-diagnostic.log
[!] File already indexed in oeneyeDB. Skipping.

[*] [OENEYE Master Engine]: Processing [.gz] -> oeneye-chat.tar.gz
[!] File already indexed in oeneyeDB. Skipping.

[*] [OENEYE Master Engine]: Processing [.sha256] -> share.html.sha256
[!] File already indexed in oeneyeDB. Skipping.

[*] [OENEYE Master Engine]: Processing [.gz] -> oeneyeAuth_context.tar.gz
[!] File already indexed in oeneyeDB. Skipping.

[*] [OENEYE Master Engine]: Processing [.pdf] -> Radius_0_Invariance_Postulate-1.pdf
[!] File already indexed in oeneyeDB. Skipping.

[*] [OENEYE Master Engine]: Processing [.pdf] -> Unified_Radius0_Manifold_Tier.pdf
[!] File already indexed in oeneyeDB. Skipping.

[*] [OENEYE Master Engine]: Processing [.aux] -> chapter_architecture.aux
[!] File already indexed in oeneyeDB. Skipping.

[*] [OENEYE Master Engine]: Processing [.pdf] -> chapter_architecture.pdf
[!] File already indexed in oeneyeDB. Skipping.

[*] [OENEYE Master Engine]: Processing [.zip] -> oeneye-telemetry.zip
[!] File already indexed in oeneyeDB. Skipping.

[*] [OENEYE Master Engine]: Processing [.pdf] -> fraktur_infinity_lemniscate.pdf
[!] File already indexed in oeneyeDB. Skipping.

[*] [OENEYE Master Engine]: Processing [.pdf] -> fraktur_infinity_symbol.pdf
[!] File already indexed in oeneyeDB. Skipping.

[*] [OENEYE Master Engine]: Processing [.pdf] -> manifold_maga_report.pdf
[!] File already indexed in oeneyeDB. Skipping.

[*] [OENEYE Master Engine]: Processing [.log] -> oeneye_daemon.log
[+] Successfully indexed oeneye_daemon.log as [.log] into oeneyeDB.

[*] [OENEYE Master Engine]: Processing [.log] -> oeneye_rack.log
[!] File already indexed in oeneyeDB. Skipping.

[*] [OENEYE Master Engine]: Processing [.gz] -> oeneye_release_v1.0.tar.gz
[!] File already indexed in oeneyeDB. Skipping.

[*] [OENEYE Master Engine]: Processing [.zip] -> mosfetq-dos-hello-sample.zip
[!] File already indexed in oeneyeDB. Skipping.

[*] [OENEYE Master Engine]: Processing [.pdf] -> omq_vector_as_8x16.pdf
[!] File already indexed in oeneyeDB. Skipping.

[*] [OENEYE Master Engine]: Processing [.sha256] -> checksums.sha256
[!] File already indexed in oeneyeDB. Skipping.

[*] [OENEYE Master Engine]: Processing [.html] -> auth_response.html
[!] File already indexed in oeneyeDB. Skipping.

[*] [OENEYE Master Engine]: Processing [.log] -> test_oeneye.log
[!] File already indexed in oeneyeDB. Skipping.

[*] [OENEYE Master Engine]: Processing [.sha256] -> auth_response.html.sha256
[!] File already indexed in oeneyeDB. Skipping.

[*] [OENEYE Master Engine]: Processing [.html] -> ximg_response.html
[!] File already indexed in oeneyeDB. Skipping.

[*] [OENEYE Master Engine]: Processing [.sha256] -> ximg_response.html.sha256
[!] File already indexed in oeneyeDB. Skipping.

[*] [OENEYE Master Engine]: Processing [.json] -> perplexity_response.json
[!] File already indexed in oeneyeDB. Skipping.

[*] [OENEYE Master Engine]: Processing [.sha256] -> manifest.sha256
[!] File already indexed in oeneyeDB. Skipping.

[*] [OENEYE Master Engine]: Processing [.log] -> oeneye_deployment_audit.log
[!] File already indexed in oeneyeDB. Skipping.

[*] [OENEYE Master Engine]: Processing [.md5] -> checksums.md5
[!] File already indexed in oeneyeDB. Skipping.

[*] [OENEYE Master Engine]: Processing [.pdf] -> trump_beneficiaro_profile.pdf
[!] File already indexed in oeneyeDB. Skipping.

[*] [OENEYE Master Engine]: Processing [.png] -> BIRD_1024_white.png
[!] File already indexed in oeneyeDB. Skipping.

[*] [OENEYE Master Engine]: Processing [.webp] -> BIRD_Laifsmitch_1024.webp
[!] File already indexed in oeneyeDB. Skipping.

[*] [OENEYE Master Engine]: Processing [.img] -> hello_bird_lba2.img
[!] File already indexed in oeneyeDB. Skipping.

[*] [OENEYE Master Engine]: Processing [.pdf] -> test.pdf
[!] File already indexed in oeneyeDB. Skipping.

[*] [OENEYE Master Engine]: Processing [.xdll] -> earch 7z
[!] File already indexed in oeneyeDB. Skipping.

[*] [OENEYE Master Engine]: Processing [.sha256] -> oeneyeAuth_context.json.sha256
[!] File already indexed in oeneyeDB. Skipping.

[*] [OENEYE Master Engine]: Processing [.sha256] -> oeneyeAuth_context.tar.gz.sha256
[!] File already indexed in oeneyeDB. Skipping.

[*] [OENEYE Master Engine]: Processing [.xdll] -> oeneyeToken
[!] File already indexed in oeneyeDB. Skipping.

[*] [OENEYE Master Engine]: Processing [.lock] -> Cargo.lock
[!] File already indexed in oeneyeDB. Skipping.

[*] [OENEYE Master Engine]: Processing [.html] -> phia_page.html
[!] File already indexed in oeneyeDB. Skipping.

[*] [OENEYE Master Engine]: Processing [.html] -> phia_share.html
[!] File already indexed in oeneyeDB. Skipping.

[*] [OENEYE Master Engine]: Processing [.log] -> LEDGER_SYNC.LOG
[!] File already indexed in oeneyeDB. Skipping.

[*] [OENEYE Master Engine]: Processing [.fnt] -> OMQ.FNT
[!] File already indexed in oeneyeDB. Skipping.

[*] [OENEYE Master Engine]: Processing [.pyc] -> __init__.cpython-312.pyc
[!] File already indexed in oeneyeDB. Skipping.

[*] [OENEYE Master Engine]: Processing [.pyc] -> bridge_oeneye_chaosnet.cpython-312.pyc
[!] File already indexed in oeneyeDB. Skipping.

[*] [OENEYE Master Engine]: Processing [.pyc] -> chaosnet_codec.cpython-312.pyc
[!] File already indexed in oeneyeDB. Skipping.

[*] [OENEYE Master Engine]: Processing [.iso] -> oeneye.iso
[!] File already indexed in oeneyeDB. Skipping.

[*] [OENEYE Master Engine]: Processing [.pyc] -> decode_oeneye_chaosnet.cpython-312.pyc
[!] File already indexed in oeneyeDB. Skipping.

[*] [OENEYE Master Engine]: Processing [.pyc] -> emu_dos.cpython-312.pyc
[!] File already indexed in oeneyeDB. Skipping.

[*] [OENEYE Master Engine]: Processing [.json] -> 22845198.json
[!] File already indexed in oeneyeDB. Skipping.

[*] [OENEYE Master Engine]: Processing [.json] -> 22911730.json
[!] File already indexed in oeneyeDB. Skipping.

[*] [OENEYE Master Engine]: Processing [.pyc] -> filesystem.cpython-312.pyc
[!] File already indexed in oeneyeDB. Skipping.

[*] [OENEYE Master Engine]: Processing [.json] -> 22958760.json
[!] File already indexed in oeneyeDB. Skipping.

[*] [OENEYE Master Engine]: Processing [.pdf] -> test_oeneye.pdf
[!] File already indexed in oeneyeDB. Skipping.

[*] [OENEYE Master Engine]: Processing [.json] -> 22973669.json
[!] File already indexed in oeneyeDB. Skipping.

[*] [OENEYE Master Engine]: Processing [.json] -> 22983037.json
[!] File already indexed in oeneyeDB. Skipping.

[*] [OENEYE Master Engine]: Processing [.img] -> 86_dos_v0.1_original.img
[!] File already indexed in oeneyeDB. Skipping.

[*] [OENEYE Master Engine]: Processing [.bat] -> AUTOEXEC.BAT
[!] File already indexed in oeneyeDB. Skipping.

[*] [OENEYE Master Engine]: Processing [.img] -> DOSoeneyeNT.img
[!] File already indexed in oeneyeDB. Skipping.

[*] [OENEYE Master Engine]: Processing [.xdll] -> FILENAME_HERE
[!] File already indexed in oeneyeDB. Skipping.

[*] [OENEYE Master Engine]: Processing [.xdll] -> Mada Innovation Award
[!] File already indexed in oeneyeDB. Skipping.

[*] [OENEYE Master Engine]: Processing [.xdll] -> Makefile
[!] File already indexed in oeneyeDB. Skipping.

[*] [OENEYE Master Engine]: Processing [.img] -> NToeneyeDOS.img
[!] File already indexed in oeneyeDB. Skipping.

[*] [OENEYE Master Engine]: Processing [.doc] -> Notenspiegel.doc
[!] File already indexed in oeneyeDB. Skipping.

[*] [OENEYE Master Engine]: Processing [.md] -> OENEYE_EULA.md
[!] File already indexed in oeneyeDB. Skipping.

[*] [OENEYE Master Engine]: Processing [.ttf] -> OMQ.ttf
[!] File already indexed in oeneyeDB. Skipping.

[*] [OENEYE Master Engine]: Processing [.sha256] -> OMQ.ttf.sha256
[!] File already indexed in oeneyeDB. Skipping.

[*] [OENEYE Master Engine]: Processing [.bin] -> OQM_file.bin
[!] File already indexed in oeneyeDB. Skipping.

[*] [OENEYE Master Engine]: Processing [.m] -> OeneyeClock.m
[!] File already indexed in oeneyeDB. Skipping.

[*] [OENEYE Master Engine]: Processing [.png] -> Screenshot_20260727-150025.png
[!] File already indexed in oeneyeDB. Skipping.

[*] [OENEYE Master Engine]: Processing [.md] -> TODO.md
[!] File already indexed in oeneyeDB. Skipping.

[*] [OENEYE Master Engine]: Processing [.ximg] -> User1.ximg
[!] File already indexed in oeneyeDB. Skipping.

[*] [OENEYE Master Engine]: Processing [.xdll] -> VERSION_TARGET
[!] File already indexed in oeneyeDB. Skipping.

[*] [OENEYE Master Engine]: Processing [.html] -> ig_story.html
[!] File already indexed in oeneyeDB. Skipping.

[*] [OENEYE Master Engine]: Processing [.pyc] -> kernel.cpython-312.pyc
[!] File already indexed in oeneyeDB. Skipping.

[*] [OENEYE Master Engine]: Processing [.pyc] -> oeneye_hotspot.cpython-312.pyc
[!] File already indexed in oeneyeDB. Skipping.

[*] [OENEYE Master Engine]: Processing [.pyc] -> oeneye_master_init.cpython-312.pyc
[!] File already indexed in oeneyeDB. Skipping.

[*] [OENEYE Master Engine]: Processing [.pyc] -> oeneyeasm.cpython-312.pyc
[!] File already indexed in oeneyeDB. Skipping.

[*] [OENEYE Master Engine]: Processing [.pyc] -> sync_hub.cpython-313.pyc
[!] File already indexed in oeneyeDB. Skipping.

[*] [OENEYE Master Engine]: Processing [.zip] -> mosfetq-dos-gold-source.zip
[!] File already indexed in oeneyeDB. Skipping.

[*] [OENEYE Master Engine]: Processing [.md] -> README.md
[!] File already indexed in oeneyeDB. Skipping.

[*] [OENEYE Master Engine]: Processing [.tex] -> chapter_architecture.tex
[!] File already indexed in oeneyeDB. Skipping.

[*] [OENEYE Master Engine]: Processing [.bin] -> chkp_dump.bin
[!] File already indexed in oeneyeDB. Skipping.

[*] [OENEYE Master Engine]: Processing [.xdll] -> content
[!] File already indexed in oeneyeDB. Skipping.

[*] [OENEYE Master Engine]: Processing [.xml] -> datacite.xml
[!] File already indexed in oeneyeDB. Skipping.

[*] [OENEYE Master Engine]: Processing [.bin] -> delta_slice_0_off_000D.bin
[!] File already indexed in oeneyeDB. Skipping.

[*] [OENEYE Master Engine]: Processing [.bin] -> delta_slice_1_off_0130.bin
[!] File already indexed in oeneyeDB. Skipping.

[*] [OENEYE Master Engine]: Processing [.bin] -> delta_slice_2_off_0198.bin
[!] File already indexed in oeneyeDB. Skipping.

[*] [OENEYE Master Engine]: Processing [.bin] -> delta_slice_3_off_0200.bin
[!] File already indexed in oeneyeDB. Skipping.

[*] [OENEYE Master Engine]: Processing [.png] -> dnb_enhanced_highres.png
[!] File already indexed in oeneyeDB. Skipping.

[*] [OENEYE Master Engine]: Processing [.json] -> dos_filesystem_index.json
[!] File already indexed in oeneyeDB. Skipping.

[*] [OENEYE Master Engine]: Processing [.docx] -> draft_MOSFETQ.docx
[!] File already indexed in oeneyeDB. Skipping.

[*] [OENEYE Master Engine]: Processing [.bak] -> emu_dos.bak
[!] File already indexed in oeneyeDB. Skipping.

[*] [OENEYE Master Engine]: Processing [.png] -> extracted_test.png
[!] File already indexed in oeneyeDB. Skipping.

[*] [OENEYE Master Engine]: Processing [.ppm] -> extracted_test.ppm
[!] File already indexed in oeneyeDB. Skipping.

[*] [OENEYE Master Engine]: Processing [.img] -> fat12.img
[!] File already indexed in oeneyeDB. Skipping.

[*] [OENEYE Master Engine]: Processing [.json] -> invoice_pretty.json
[!] File already indexed in oeneyeDB. Skipping.

[*] [OENEYE Master Engine]: Processing [.md] -> invoice_receipt.md
[!] File already indexed in oeneyeDB. Skipping.

[*] [OENEYE Master Engine]: Processing [.png] -> loginbg.png
[!] File already indexed in oeneyeDB. Skipping.

[*] [OENEYE Master Engine]: Processing [.png] -> logo.png
[!] File already indexed in oeneyeDB. Skipping.

[*] [OENEYE Master Engine]: Processing [.bat] -> make_oeneye_refs.bat
[!] File already indexed in oeneyeDB. Skipping.

[*] [OENEYE Master Engine]: Processing [.tex] -> monograph.tex
[!] File already indexed in oeneyeDB. Skipping.

[*] [OENEYE Master Engine]: Processing [.img] -> mosfetq-dos (1).img
[!] File already indexed in oeneyeDB. Skipping.

[*] [OENEYE Master Engine]: Processing [.s] -> mosfetq-dos-0.6.s
[!] File already indexed in oeneyeDB. Skipping.

[*] [OENEYE Master Engine]: Processing [.img] -> mosfetq-dos-1200.img
[!] File already indexed in oeneyeDB. Skipping.

[*] [OENEYE Master Engine]: Processing [.img] -> mosfetq-dos-1440.img
[!] File already indexed in oeneyeDB. Skipping.

[*] [OENEYE Master Engine]: Processing [.img] -> mosfetq-dos-gold-1.0.0.0.1-3.5in-1.44M.img
[!] File already indexed in oeneyeDB. Skipping.

[*] [OENEYE Master Engine]: Processing [.ximg] -> mosfetq-dos-gold-1.0.0.0.1-5.25in-1.2M.ximg
[!] File already indexed in oeneyeDB. Skipping.

[*] [OENEYE Master Engine]: Processing [.img] -> mosfetq-dos-nt-oeneye.img
[!] File already indexed in oeneyeDB. Skipping.

[*] [OENEYE Master Engine]: Processing [.s] -> mosfetq-dos.s
[!] File already indexed in oeneyeDB. Skipping.

[*] [OENEYE Master Engine]: Processing [.bin] -> mosfetq.bin
[!] File already indexed in oeneyeDB. Skipping.

[*] [OENEYE Master Engine]: Processing [.img] -> mosfetq.img
[!] File already indexed in oeneyeDB. Skipping.

[*] [OENEYE Master Engine]: Processing [.img] -> oeneye-compiled.img
[!] File already indexed in oeneyeDB. Skipping.

[*] [OENEYE Master Engine]: Processing [.sty] -> oeneye-font.sty
[!] File already indexed in oeneyeDB. Skipping.

[*] [OENEYE Master Engine]: Processing [.img] -> oeneye-mosfetq-exfat.img
[!] File already indexed in oeneyeDB. Skipping.

[*] [OENEYE Master Engine]: Processing [.img] -> oeneye-mosfetq-fat12.img
[!] File already indexed in oeneyeDB. Skipping.

[*] [OENEYE Master Engine]: Processing [.img] -> oeneye-mosfetq-fat16.img
[!] File already indexed in oeneyeDB. Skipping.

[*] [OENEYE Master Engine]: Processing [.img] -> oeneye-refs-downloaded.img
[!] File already indexed in oeneyeDB. Skipping.

[*] [OENEYE Master Engine]: Processing [.vhdx] -> oeneye-refs-new.vhdx
[!] File already indexed in oeneyeDB. Skipping.

[*] [OENEYE Master Engine]: Processing [.img] -> oeneye-refs-vhd.img
[!] File already indexed in oeneyeDB. Skipping.

[*] [OENEYE Master Engine]: Processing [.vhd] -> oeneye-refs.vhd
[!] File already indexed in oeneyeDB. Skipping.

[*] [OENEYE Master Engine]: Processing [.img] -> oeneye-sufficient-v2.img
[!] File already indexed in oeneyeDB. Skipping.

[*] [OENEYE Master Engine]: Processing [.img] -> oeneye.img
[!] File already indexed in oeneyeDB. Skipping.

[*] [OENEYE Master Engine]: Processing [.rc] -> oeneye.rc
[!] File already indexed in oeneyeDB. Skipping.

[*] [OENEYE Master Engine]: Processing [.xdll] -> oeneyeVNC
[!] File already indexed in oeneyeDB. Skipping.

[*] [OENEYE Master Engine]: Processing [.json] -> oeneye_dual_channel_ledger.json
[!] File already indexed in oeneyeDB. Skipping.

[*] [OENEYE Master Engine]: Processing [.html] -> oeneye_ecosystem_stream.html
[!] File already indexed in oeneyeDB. Skipping.

[*] [OENEYE Master Engine]: Processing [.json] -> oeneye_mainframe_declaration.json
[!] File already indexed in oeneyeDB. Skipping.

[*] [OENEYE Master Engine]: Processing [.tex] -> oeneye_monograph.tex
[!] File already indexed in oeneyeDB. Skipping.

[*] [OENEYE Master Engine]: Processing [.html] -> oeneye_movie_full.html
[!] File already indexed in oeneyeDB. Skipping.

[*] [OENEYE Master Engine]: Processing [.xdll] -> kernel
[!] File already indexed in oeneyeDB. Skipping.

[*] [OENEYE Master Engine]: Processing [.tex] -> rc_v04_specification.tex
[!] File already indexed in oeneyeDB. Skipping.

[*] [OENEYE Master Engine]: Processing [.vhdx] -> refs-oeneye.vhdx
[!] File already indexed in oeneyeDB. Skipping.

[*] [OENEYE Master Engine]: Processing [.bin] -> test.bin
[!] File already indexed in oeneyeDB. Skipping.

[*] [OENEYE Master Engine]: Processing [.com] -> test.com
[!] File already indexed in oeneyeDB. Skipping.

[*] [OENEYE Master Engine]: Processing [.ppm] -> test.ppm
[!] File already indexed in oeneyeDB. Skipping.

[*] [OENEYE Master Engine]: Processing [.profile] -> texlive.profile
[!] File already indexed in oeneyeDB. Skipping.

[*] [OENEYE Master Engine]: Processing [.zip] -> mosfetq-dos-0.3-source.zip
[!] File already indexed in oeneyeDB. Skipping.

[*] [OENEYE Master Engine]: Processing [.zip] -> mosfetq-dos-0.4-gold-rc.zip
[!] File already indexed in oeneyeDB. Skipping.

[*] [OENEYE Master Engine]: Processing [.zip] -> mosfetq-dos-0.4-rc1.zip
[!] File already indexed in oeneyeDB. Skipping.

[*] [OENEYE Master Engine]: Processing [.html] -> truth_post.html
[!] File already indexed in oeneyeDB. Skipping.

[*] [OENEYE Master Engine]: Processing [.zip] -> mosfetq-dos-gold-1.0.0.0.1-source.zip
[!] File already indexed in oeneyeDB. Skipping.

[*] [OENEYE Master Engine]: Processing [.html] -> viewer.html
[!] File already indexed in oeneyeDB. Skipping.

[*] [OENEYE Master Engine]: Processing [.zip] -> mosfetq-dos-nt-oeneye.zip
[!] File already indexed in oeneyeDB. Skipping.

[*] [OENEYE Master Engine]: Processing [.img] -> mosfetq-dos.img
[!] File already indexed in oeneyeDB. Skipping.

[*] [OENEYE Master Engine]: Processing [.pdf] -> Executive_Summary_Radius0.pdf
[!] File already indexed in oeneyeDB. Skipping.

[*] [OENEYE Master Engine]: Processing [.pdf] -> Minus_G_Vortex_Research_Synthesis.pdf
[!] File already indexed in oeneyeDB. Skipping.

[*] [OENEYE Master Engine]: Processing [.pdf] -> OENEYE_EULA (1).pdf
[!] File already indexed in oeneyeDB. Skipping.

[*] [OENEYE Master Engine]: Processing [.pdf] -> OENEYE_EULA (2).pdf
[!] File already indexed in oeneyeDB. Skipping.

[*] [OENEYE Master Engine]: Processing [.zip] -> oeneye-artwork-fat-bundle-v1.zip
[!] File already indexed in oeneyeDB. Skipping.

[*] [OENEYE Master Engine]: Processing [.pdf] -> OENEYE_EULA.pdf
[!] File already indexed in oeneyeDB. Skipping.

[*] [OENEYE Master Engine]: Processing [.log] -> OMQ.log
[!] File already indexed in oeneyeDB. Skipping.

[*] [OENEYE Master Engine]: Processing [.pdf] -> Obsidian_Brain_Mainframe_Declaration.pdf
[!] File already indexed in oeneyeDB. Skipping.

[*] [OENEYE Master Engine]: Processing [.pdf] -> PGCertQts-1.pdf
[!] File already indexed in oeneyeDB. Skipping.

[*] [OENEYE Master Engine]: Processing [.pdf] -> dnb_record.pdf
[!] File already indexed in oeneyeDB. Skipping.

[*] [OENEYE Master Engine]: Processing [.zip] -> oeneye-artwork-master-v1.1.zip
[!] File already indexed in oeneyeDB. Skipping.

[*] [OENEYE Master Engine]: Processing [.pdf] -> Radius0_Labyrinth_Manifest.pdf
[!] File already indexed in oeneyeDB. Skipping.

[*] [OENEYE Master Engine]: Processing [.zip] -> oeneye-artwork-refs-locked-bundle-v1.zip
[!] File already indexed in oeneyeDB. Skipping.

[*] [OENEYE Master Engine]: Processing [.zip] -> oeneye-distro-logo.zip
[!] File already indexed in oeneyeDB. Skipping.

[*] [OENEYE Master Engine]: Processing [.pdf] -> Radius0_FTP_Presentation_Deck.pdf
[!] File already indexed in oeneyeDB. Skipping.

[*] [OENEYE Master Engine]: Processing [.pdf] -> Radius0_Final_Fulfillment_Summary.pdf
[!] File already indexed in oeneyeDB. Skipping.

[*] [OENEYE Master Engine]: Processing [.html] -> index.html
[!] File already indexed in oeneyeDB. Skipping.

[*] [OENEYE Master Engine]: Processing [.db] -> invoice_database.db
[!] File already indexed in oeneyeDB. Skipping.

[*] [OENEYE Master Engine]: Processing [.xdll] -> ler
[!] File already indexed in oeneyeDB. Skipping.

[*] [OENEYE Master Engine]: Processing [.html] -> maga_post.html
[!] File already indexed in oeneyeDB. Skipping.

[*] [OENEYE Master Engine]: Processing [.json] -> metadata.json
[!] File already indexed in oeneyeDB. Skipping.

[*] [OENEYE Master Engine]: Processing [.img] -> mosfetq-dos-gold.img
[!] File already indexed in oeneyeDB. Skipping.

[*] [OENEYE Master Engine]: Processing [.s] -> mosfetq.s
[!] File already indexed in oeneyeDB. Skipping.

[*] [OENEYE Master Engine]: Processing [.img] -> oeneye-00x00.img
[!] File already indexed in oeneyeDB. Skipping.

[*] [OENEYE Master Engine]: Processing [.img] -> oeneye-bootstrap-bootable.img
[!] File already indexed in oeneyeDB. Skipping.

[*] [OENEYE Master Engine]: Processing [.img] -> oeneye-bootstrap.img
[!] File already indexed in oeneyeDB. Skipping.

[*] [OENEYE Master Engine]: Processing [.img] -> oeneye-ext4.img
[!] File already indexed in oeneyeDB. Skipping.

[*] [OENEYE Master Engine]: Processing [.img] -> oeneye-mosfetq-fat32.img
[!] File already indexed in oeneyeDB. Skipping.

[*] [OENEYE Master Engine]: Processing [.img] -> oeneye-ntfs.img
[!] File already indexed in oeneyeDB. Skipping.

[*] [OENEYE Master Engine]: Processing [.img] -> oeneye-phone.img
[!] File already indexed in oeneyeDB. Skipping.

[*] [OENEYE Master Engine]: Processing [.img] -> oeneye-refs-vhd-converted.img
[!] File already indexed in oeneyeDB. Skipping.

[*] [OENEYE Master Engine]: Processing [.vhdx] -> oeneye-refs.vhdx
[!] File already indexed in oeneyeDB. Skipping.

[*] [OENEYE Master Engine]: Processing [.img] -> oeneye-upscaled-32m.img
[!] File already indexed in oeneyeDB. Skipping.

[*] [OENEYE Master Engine]: Processing [.ximg] -> oeneyeTESTfont.ximg
[!] File already indexed in oeneyeDB. Skipping.

[*] [OENEYE Master Engine]: Processing [.save] -> oeneye_align.py.save
[!] File already indexed in oeneyeDB. Skipping.

[*] [OENEYE Master Engine]: Processing [.json] -> oeneye_invoices_codex.json
[!] File already indexed in oeneyeDB. Skipping.

[*] [OENEYE Master Engine]: Processing [.json] -> oeneye_label.json
[!] File already indexed in oeneyeDB. Skipping.

[*] [OENEYE Master Engine]: Processing [.html] -> oeneye_movie.html
[!] File already indexed in oeneyeDB. Skipping.

[*] [OENEYE Master Engine]: Processing [.png] -> oeneye_s.png
[!] File already indexed in oeneyeDB. Skipping.

[*] [OENEYE Master Engine]: Processing [.json] -> oeneye_zenodo_payload.json
[!] File already indexed in oeneyeDB. Skipping.

[*] [OENEYE Master Engine]: Processing [.xdll] -> oeneyepdf
[!] File already indexed in oeneyeDB. Skipping.

[*] [OENEYE Master Engine]: Processing [.c] -> oeneyepdf.c
[!] File already indexed in oeneyeDB. Skipping.

[*] [OENEYE Master Engine]: Processing [.pdf (2)] -> omq_vector_as_8x16.pdf (2)
[!] File already indexed in oeneyeDB. Skipping.

[*] [OENEYE Master Engine]: Processing [.pdf (3)] -> omq_vector_as_8x16.pdf (3)
[!] File already indexed in oeneyeDB. Skipping.

[*] [OENEYE Master Engine]: Processing [.json] -> record.json
[!] File already indexed in oeneyeDB. Skipping.

[*] [OENEYE Master Engine]: Processing [.zip] -> mosfetq-dos-0.5-source.zip
[!] File already indexed in oeneyeDB. Skipping.

[*] [OENEYE Master Engine]: Processing [.zip] -> mosfetq-dos-0.6-source.zip
[!] File already indexed in oeneyeDB. Skipping.

[*] [OENEYE Master Engine]: Processing [.bin] -> supb_dump.bin
[!] File already indexed in oeneyeDB. Skipping.

[*] [OENEYE Master Engine]: Processing [.xdll] -> tall texlive-installer
[!] File already indexed in oeneyeDB. Skipping.

[*] [OENEYE Master Engine]: Processing [.c] -> target_asset.c
[!] File already indexed in oeneyeDB. Skipping.

[*] [OENEYE Master Engine]: Processing [.png] -> test.png
[!] File already indexed in oeneyeDB. Skipping.

[*] [OENEYE Master Engine]: Processing [.tex] -> test_oeneye.tex
[!] File already indexed in oeneyeDB. Skipping.

[*] [OENEYE Master Engine]: Processing [.zip] -> oeneye-5.0-gecko.zip
[!] File already indexed in oeneyeDB. Skipping.

[*] [OENEYE Master Engine]: Processing [.html] -> trump_profile.html
[!] File already indexed in oeneyeDB. Skipping.

[*] [OENEYE Master Engine]: Processing [.zip] -> oeneye-pack.zip
[!] File already indexed in oeneyeDB. Skipping.

[*] [OENEYE Master Engine]: Processing [.pdf] -> 1.pdf
[!] File already indexed in oeneyeDB. Skipping.

[*] [OENEYE Master Engine]: Processing [.zip] -> oeneye-refs-placeholder.zip
[!] File already indexed in oeneyeDB. Skipping.

[*] [OENEYE Master Engine]: Processing [.pdf] -> FAT77_Kernel_Architecture.pdf
[!] File already indexed in oeneyeDB. Skipping.

[*] [OENEYE Master Engine]: Processing [.pdf] -> Fibonacci_Magnetism_Manifold.pdf
[!] File already indexed in oeneyeDB. Skipping.

[*] [OENEYE Master Engine]: Processing [.zip] -> oeneyeCURL.zip
[!] File already indexed in oeneyeDB. Skipping.

[*] [OENEYE Master Engine]: Processing [.zip] -> oeneyeMOSFETQfont.zip
[!] File already indexed in oeneyeDB. Skipping.

[*] [OENEYE Master Engine]: Processing [.pdf] -> Radius0_Fulcrum_Coupling.pdf
[!] File already indexed in oeneyeDB. Skipping.

[*] [OENEYE Master Engine]: Processing [.pdf] -> Radius0_StandardModel_Fulfillment.pdf
[!] File already indexed in oeneyeDB. Skipping.

[*] [OENEYE Master Engine]: Processing [.pdf] -> Radius_0_Invariance_Postulate.pdf
[!] File already indexed in oeneyeDB. Skipping.

[*] [OENEYE Master Engine]: Processing [.pdf] -> Radius_0_Variance_Theory.pdf
[!] File already indexed in oeneyeDB. Skipping.

[*] [OENEYE Master Engine]: Processing [.pdf] -> STARv3_Stabilizer_Protocol.pdf
[!] File already indexed in oeneyeDB. Skipping.

[*] [OENEYE Master Engine]: Processing [.pdf] -> Unified Master Framework oeneye and Inertia Probability (1).pdf
[!] File already indexed in oeneyeDB. Skipping.

[*] [OENEYE Master Engine]: Processing [.pdf] -> Unified_Radius_0_Theory.pdf
[!] File already indexed in oeneyeDB. Skipping.

[*] [OENEYE Master Engine]: Processing [.log] -> chapter_architecture.log
[!] File already indexed in oeneyeDB. Skipping.

[*] [OENEYE Master Engine]: Processing [.pdf] -> cnnn_manifold_report.pdf
[!] File already indexed in oeneyeDB. Skipping.

[*] [OENEYE Master Engine]: Processing [.pdf] -> dnb_publication.pdf
[!] File already indexed in oeneyeDB. Skipping.

[*] [OENEYE Master Engine]: Processing [.pdf] -> draft_MOSFETQ.pdf
[!] File already indexed in oeneyeDB. Skipping.

[*] [OENEYE Master Engine]: Processing [.zip] -> oeneye-ntfs.zip
[!] File already indexed in oeneyeDB. Skipping.

[*] [OENEYE Master Engine]: Processing [.zip] -> oeneye-wg-server.zip
[!] File already indexed in oeneyeDB. Skipping.

[*] [OENEYE Master Engine]: Processing [.zip] -> oeneye-xima.zip
[!] File already indexed in oeneyeDB. Skipping.

[*] [OENEYE Master Engine]: Processing [.pdf] -> compiling_nasa_nastran.pdf
[!] File already indexed in oeneyeDB. Skipping.

[*] [OENEYE Master Engine]: Processing [.pdf] -> dyscalculia_clinical_protocol_v2.pdf
[!] File already indexed in oeneyeDB. Skipping.

[*] [OENEYE Master Engine]: Processing [.pdf] -> fraktur_infinity.pdf
[!] File already indexed in oeneyeDB. Skipping.

[*] [OENEYE Master Engine]: Processing [.pdf] -> fraktur_infinity_final_synthesis.pdf
[!] File already indexed in oeneyeDB. Skipping.

[*] [OENEYE Master Engine]: Processing [.pdf] -> gemini_deletion_incident.pdf
[!] File already indexed in oeneyeDB. Skipping.

[*] [OENEYE Master Engine]: Processing [.zip] -> oeneyephraser-firefoxos.zip
[!] File already indexed in oeneyeDB. Skipping.

[*] [OENEYE Master Engine]: Processing [.log] -> manifold_verification.log
[!] File already indexed in oeneyeDB. Skipping.

[*] [OENEYE Master Engine]: Processing [.pdf] -> oeneye_sdk_readme.pdf
[!] File already indexed in oeneyeDB. Skipping.

[*] [OENEYE Master Engine]: Processing [.gz] -> oeneye_workspace_backup.tar.gz
[!] File already indexed in oeneyeDB. Skipping.

[*] [OENEYE Master Engine]: Processing [.html] -> ig_post.html
[!] File already indexed in oeneyeDB. Skipping.

[*] [OENEYE Master Engine]: Processing [.pdf] -> 2she0y.pdf
[!] File already indexed in oeneyeDB. Skipping.

[*] [OENEYE Master Engine]: Processing [.bin] -> bird_loader_lba2.bin
[!] File already indexed in oeneyeDB. Skipping.

[*] [OENEYE Master Engine]: Processing [.gz] -> oeneyeos_v0.2_archive.tar.gz
[!] File already indexed in oeneyeDB. Skipping.

[*] [OENEYE Master Engine]: Processing [.pdf] -> oeneyepdf-test.pdf
[!] File already indexed in oeneyeDB. Skipping.

[*] [OENEYE Master Engine]: Processing [.pdf] -> oeneyesdk_lfn_erratum.pdf
[!] File already indexed in oeneyeDB. Skipping.

[*] [OENEYE Master Engine]: Processing [.pdf] -> patient_action_protocol.pdf
[!] File already indexed in oeneyeDB. Skipping.

[*] [OENEYE Master Engine]: Processing [.pdf] -> quantumthermostatic_3month_plan.pdf
[!] File already indexed in oeneyeDB. Skipping.

[*] [OENEYE Master Engine]: Processing [.pdf] -> quantumthermostatic_invention_profile.pdf
[!] File already indexed in oeneyeDB. Skipping.

[*] [OENEYE Master Engine]: Processing [.aux] -> test_oeneye.aux
[!] File already indexed in oeneyeDB. Skipping.

[*] [OENEYE Master Engine]: Processing [.json] -> oeneyeAuth_context.json
[!] File already indexed in oeneyeDB. Skipping.

[*] [OENEYE Master Engine]: Processing [.html] -> share.html
[!] File already indexed in oeneyeDB. Skipping.

[*] [OENEYE Master Engine]: Processing [.grammar] -> oeneyeToken.grammar
[!] File already indexed in oeneyeDB. Skipping.

[*] [OENEYE Master Engine]: Processing [.toml] -> Cargo.toml
[!] File already indexed in oeneyeDB. Skipping.

[*] [OENEYE Master Engine]: Processing [.html] -> bing_search.html
[!] File already indexed in oeneyeDB. Skipping.

[*] [OENEYE Master Engine]: Processing [.zip] -> oeneyec-test-tree.zip
[!] File already indexed in oeneyeDB. Skipping.

[*] [OENEYE Master Engine]: Processing [.pdf] -> mada_submission_summary.pdf
[!] File already indexed in oeneyeDB. Skipping.

[*] [OENEYE Master Engine]: Processing [.log] -> missfont.log
[!] File already indexed in oeneyeDB. Skipping.

[*] [OENEYE Master Engine]: Processing [.aux] -> monograph.aux
[!] File already indexed in oeneyeDB. Skipping.

[*] [OENEYE Master Engine]: Processing [.log] -> monograph.log
[!] File already indexed in oeneyeDB. Skipping.

[*] [OENEYE Master Engine]: Processing [.pdf] -> monograph.pdf
[!] File already indexed in oeneyeDB. Skipping.

[*] [OENEYE Master Engine]: Processing [.pdf] -> nbn_resource.pdf
[!] File already indexed in oeneyeDB. Skipping.

[*] [OENEYE Master Engine]: Processing [.gz] -> oeneye_asset_omq.tar.gz
[!] File already indexed in oeneyeDB. Skipping.

[*] [OENEYE Master Engine]: Processing [.log] -> oeneye_audit.log
[!] File already indexed in oeneyeDB. Skipping.

[*] [OENEYE Master Engine]: Processing [.log] -> oeneye_kernel_runtime.log
[!] File already indexed in oeneyeDB. Skipping.

[*] [OENEYE Master Engine]: Processing [.pdf] -> oeneye_nested_scope.pdf
[!] File already indexed in oeneyeDB. Skipping.

[*] [OENEYE Master Engine]: Processing [.html] -> fb_post.html
[!] File already indexed in oeneyeDB. Skipping.

[*] [OENEYE Master Engine]: Processing [.pdf] -> rheinmetall_cv.pdf
[!] File already indexed in oeneyeDB. Skipping.

[*] [OENEYE Master Engine]: Processing [.pdf] -> summary.pdf
[!] File already indexed in oeneyeDB. Skipping.

[*] [OENEYE Master Engine]: Processing [.pdf] -> trex_bribery_app.pdf
[!] File already indexed in oeneyeDB. Skipping.

[*] [OENEYE Master Engine]: Processing [.zip] -> mosfetq-dos-hello-sample-v2-with-bird-lash.zip
[!] File already indexed in oeneyeDB. Skipping.

[*] [OENEYE Master Engine]: Processing [.asm] -> boot_bird_lash_patch.asm
[!] File already indexed in oeneyeDB. Skipping.

[*] [OENEYE Master Engine]: Processing [.sha256] -> combined_checksums.sha256
[!] File already indexed in oeneyeDB. Skipping.

[*] [OENEYE Master Engine]: Processing [.log] -> gh-diagnostic.log
[!] File already indexed in oeneyeDB. Skipping.

[*] [OENEYE Master Engine]: Processing [.gz] -> oeneye-chat.tar.gz
[!] File already indexed in oeneyeDB. Skipping.

[*] [OENEYE Master Engine]: Processing [.sha256] -> share.html.sha256
[!] File already indexed in oeneyeDB. Skipping.

[*] [OENEYE Master Engine]: Processing [.gz] -> oeneyeAuth_context.tar.gz
[!] File already indexed in oeneyeDB. Skipping.

[*] [OENEYE Master Engine]: Processing [.pdf] -> Radius_0_Invariance_Postulate-1.pdf
[!] File already indexed in oeneyeDB. Skipping.

[*] [OENEYE Master Engine]: Processing [.pdf] -> Unified_Radius0_Manifold_Tier.pdf
[!] File already indexed in oeneyeDB. Skipping.

[*] [OENEYE Master Engine]: Processing [.aux] -> chapter_architecture.aux
[!] File already indexed in oeneyeDB. Skipping.

[*] [OENEYE Master Engine]: Processing [.pdf] -> chapter_architecture.pdf
[!] File already indexed in oeneyeDB. Skipping.

[*] [OENEYE Master Engine]: Processing [.zip] -> oeneye-telemetry.zip
[!] File already indexed in oeneyeDB. Skipping.

[*] [OENEYE Master Engine]: Processing [.pdf] -> fraktur_infinity_lemniscate.pdf
[!] File already indexed in oeneyeDB. Skipping.

[*] [OENEYE Master Engine]: Processing [.pdf] -> fraktur_infinity_symbol.pdf
[!] File already indexed in oeneyeDB. Skipping.

[*] [OENEYE Master Engine]: Processing [.pdf] -> manifold_maga_report.pdf
[!] File already indexed in oeneyeDB. Skipping.

[*] [OENEYE Master Engine]: Processing [.log] -> oeneye_daemon.log
[+] Successfully indexed oeneye_daemon.log as [.log] into oeneyeDB.

[*] [OENEYE Master Engine]: Processing [.log] -> oeneye_rack.log
[!] File already indexed in oeneyeDB. Skipping.

[*] [OENEYE Master Engine]: Processing [.gz] -> oeneye_release_v1.0.tar.gz
[!] File already indexed in oeneyeDB. Skipping.

[*] [OENEYE Master Engine]: Processing [.zip] -> mosfetq-dos-hello-sample.zip
[!] File already indexed in oeneyeDB. Skipping.

[*] [OENEYE Master Engine]: Processing [.pdf] -> omq_vector_as_8x16.pdf
[!] File already indexed in oeneyeDB. Skipping.

[*] [OENEYE Master Engine]: Processing [.sha256] -> checksums.sha256
[!] File already indexed in oeneyeDB. Skipping.

[*] [OENEYE Master Engine]: Processing [.html] -> auth_response.html
[!] File already indexed in oeneyeDB. Skipping.

[*] [OENEYE Master Engine]: Processing [.log] -> test_oeneye.log
[!] File already indexed in oeneyeDB. Skipping.

[*] [OENEYE Master Engine]: Processing [.sha256] -> auth_response.html.sha256
[!] File already indexed in oeneyeDB. Skipping.

[*] [OENEYE Master Engine]: Processing [.html] -> ximg_response.html
[!] File already indexed in oeneyeDB. Skipping.

[*] [OENEYE Master Engine]: Processing [.sha256] -> ximg_response.html.sha256
[!] File already indexed in oeneyeDB. Skipping.

[*] [OENEYE Master Engine]: Processing [.json] -> perplexity_response.json
[!] File already indexed in oeneyeDB. Skipping.

[*] [OENEYE Master Engine]: Processing [.sha256] -> manifest.sha256
[!] File already indexed in oeneyeDB. Skipping.

[*] [OENEYE Master Engine]: Processing [.log] -> oeneye_deployment_audit.log
[!] File already indexed in oeneyeDB. Skipping.

[*] [OENEYE Master Engine]: Processing [.md5] -> checksums.md5
[!] File already indexed in oeneyeDB. Skipping.

[*] [OENEYE Master Engine]: Processing [.pdf] -> trump_beneficiaro_profile.pdf
[!] File already indexed in oeneyeDB. Skipping.

[*] [OENEYE Master Engine]: Processing [.png] -> BIRD_1024_white.png
[!] File already indexed in oeneyeDB. Skipping.

[*] [OENEYE Master Engine]: Processing [.webp] -> BIRD_Laifsmitch_1024.webp
[!] File already indexed in oeneyeDB. Skipping.

[*] [OENEYE Master Engine]: Processing [.img] -> hello_bird_lba2.img
[!] File already indexed in oeneyeDB. Skipping.

[*] [OENEYE Master Engine]: Processing [.pdf] -> test.pdf
[!] File already indexed in oeneyeDB. Skipping.

[*] [OENEYE Master Engine]: Processing [.xdll] -> earch 7z
[!] File already indexed in oeneyeDB. Skipping.

[*] [OENEYE Master Engine]: Processing [.sha256] -> oeneyeAuth_context.json.sha256
[!] File already indexed in oeneyeDB. Skipping.

[*] [OENEYE Master Engine]: Processing [.sha256] -> oeneyeAuth_context.tar.gz.sha256
[!] File already indexed in oeneyeDB. Skipping.

[*] [OENEYE Master Engine]: Processing [.xdll] -> oeneyeToken
[!] File already indexed in oeneyeDB. Skipping.

[*] [OENEYE Master Engine]: Processing [.lock] -> Cargo.lock
[!] File already indexed in oeneyeDB. Skipping.

[*] [OENEYE Master Engine]: Processing [.html] -> phia_page.html
[!] File already indexed in oeneyeDB. Skipping.

[*] [OENEYE Master Engine]: Processing [.html] -> phia_share.html
[!] File already indexed in oeneyeDB. Skipping.

[*] [OENEYE Master Engine]: Processing [.log] -> LEDGER_SYNC.LOG
[!] File already indexed in oeneyeDB. Skipping.

[*] [OENEYE Master Engine]: Processing [.fnt] -> OMQ.FNT
[!] File already indexed in oeneyeDB. Skipping.

[*] [OENEYE Master Engine]: Processing [.pyc] -> __init__.cpython-312.pyc
[!] File already indexed in oeneyeDB. Skipping.

[*] [OENEYE Master Engine]: Processing [.pyc] -> bridge_oeneye_chaosnet.cpython-312.pyc
[!] File already indexed in oeneyeDB. Skipping.

[*] [OENEYE Master Engine]: Processing [.pyc] -> chaosnet_codec.cpython-312.pyc
[!] File already indexed in oeneyeDB. Skipping.

[*] [OENEYE Master Engine]: Processing [.iso] -> oeneye.iso
[!] File already indexed in oeneyeDB. Skipping.

[*] [OENEYE Master Engine]: Processing [.pyc] -> decode_oeneye_chaosnet.cpython-312.pyc
[!] File already indexed in oeneyeDB. Skipping.

[*] [OENEYE Master Engine]: Processing [.pyc] -> emu_dos.cpython-312.pyc
[!] File already indexed in oeneyeDB. Skipping.

[*] [OENEYE Master Engine]: Processing [.json] -> 22845198.json
[!] File already indexed in oeneyeDB. Skipping.

[*] [OENEYE Master Engine]: Processing [.json] -> 22911730.json
[!] File already indexed in oeneyeDB. Skipping.

[*] [OENEYE Master Engine]: Processing [.pyc] -> filesystem.cpython-312.pyc
[!] File already indexed in oeneyeDB. Skipping.

[*] [OENEYE Master Engine]: Processing [.json] -> 22958760.json
[!] File already indexed in oeneyeDB. Skipping.

[*] [OENEYE Master Engine]: Processing [.pdf] -> test_oeneye.pdf
[!] File already indexed in oeneyeDB. Skipping.

[*] [OENEYE Master Engine]: Processing [.json] -> 22973669.json
[!] File already indexed in oeneyeDB. Skipping.

[*] [OENEYE Master Engine]: Processing [.json] -> 22983037.json
[!] File already indexed in oeneyeDB. Skipping.

[*] [OENEYE Master Engine]: Processing [.img] -> 86_dos_v0.1_original.img
[!] File already indexed in oeneyeDB. Skipping.

[*] [OENEYE Master Engine]: Processing [.bat] -> AUTOEXEC.BAT
[!] File already indexed in oeneyeDB. Skipping.

[*] [OENEYE Master Engine]: Processing [.img] -> DOSoeneyeNT.img
[!] File already indexed in oeneyeDB. Skipping.

[*] [OENEYE Master Engine]: Processing [.xdll] -> FILENAME_HERE
[!] File already indexed in oeneyeDB. Skipping.

[*] [OENEYE Master Engine]: Processing [.xdll] -> Mada Innovation Award
[!] File already indexed in oeneyeDB. Skipping.

[*] [OENEYE Master Engine]: Processing [.xdll] -> Makefile
[!] File already indexed in oeneyeDB. Skipping.

[*] [OENEYE Master Engine]: Processing [.img] -> NToeneyeDOS.img
[!] File already indexed in oeneyeDB. Skipping.

[*] [OENEYE Master Engine]: Processing [.doc] -> Notenspiegel.doc
[!] File already indexed in oeneyeDB. Skipping.

[*] [OENEYE Master Engine]: Processing [.md] -> OENEYE_EULA.md
[!] File already indexed in oeneyeDB. Skipping.

[*] [OENEYE Master Engine]: Processing [.ttf] -> OMQ.ttf
[!] File already indexed in oeneyeDB. Skipping.

[*] [OENEYE Master Engine]: Processing [.sha256] -> OMQ.ttf.sha256
[!] File already indexed in oeneyeDB. Skipping.

[*] [OENEYE Master Engine]: Processing [.bin] -> OQM_file.bin
[!] File already indexed in oeneyeDB. Skipping.

[*] [OENEYE Master Engine]: Processing [.m] -> OeneyeClock.m
[!] File already indexed in oeneyeDB. Skipping.

[*] [OENEYE Master Engine]: Processing [.png] -> Screenshot_20260727-150025.png
[!] File already indexed in oeneyeDB. Skipping.

[*] [OENEYE Master Engine]: Processing [.md] -> TODO.md
[!] File already indexed in oeneyeDB. Skipping.

[*] [OENEYE Master Engine]: Processing [.ximg] -> User1.ximg
[!] File already indexed in oeneyeDB. Skipping.

[*] [OENEYE Master Engine]: Processing [.xdll] -> VERSION_TARGET
[!] File already indexed in oeneyeDB. Skipping.

[*] [OENEYE Master Engine]: Processing [.html] -> ig_story.html
[!] File already indexed in oeneyeDB. Skipping.

[*] [OENEYE Master Engine]: Processing [.pyc] -> kernel.cpython-312.pyc
[!] File already indexed in oeneyeDB. Skipping.

[*] [OENEYE Master Engine]: Processing [.pyc] -> oeneye_hotspot.cpython-312.pyc
[!] File already indexed in oeneyeDB. Skipping.

[*] [OENEYE Master Engine]: Processing [.pyc] -> oeneye_master_init.cpython-312.pyc
[!] File already indexed in oeneyeDB. Skipping.

[*] [OENEYE Master Engine]: Processing [.pyc] -> oeneyeasm.cpython-312.pyc
[!] File already indexed in oeneyeDB. Skipping.

[*] [OENEYE Master Engine]: Processing [.pyc] -> sync_hub.cpython-313.pyc
[!] File already indexed in oeneyeDB. Skipping.

[*] [OENEYE Master Engine]: Processing [.zip] -> mosfetq-dos-gold-source.zip
[!] File already indexed in oeneyeDB. Skipping.

[*] [OENEYE Master Engine]: Processing [.md] -> README.md
[!] File already indexed in oeneyeDB. Skipping.

[*] [OENEYE Master Engine]: Processing [.tex] -> chapter_architecture.tex
[!] File already indexed in oeneyeDB. Skipping.

[*] [OENEYE Master Engine]: Processing [.bin] -> chkp_dump.bin
[!] File already indexed in oeneyeDB. Skipping.

[*] [OENEYE Master Engine]: Processing [.xdll] -> content
[!] File already indexed in oeneyeDB. Skipping.

[*] [OENEYE Master Engine]: Processing [.xml] -> datacite.xml
[!] File already indexed in oeneyeDB. Skipping.

[*] [OENEYE Master Engine]: Processing [.bin] -> delta_slice_0_off_000D.bin
[!] File already indexed in oeneyeDB. Skipping.

[*] [OENEYE Master Engine]: Processing [.bin] -> delta_slice_1_off_0130.bin
[!] File already indexed in oeneyeDB. Skipping.

[*] [OENEYE Master Engine]: Processing [.bin] -> delta_slice_2_off_0198.bin
[!] File already indexed in oeneyeDB. Skipping.

[*] [OENEYE Master Engine]: Processing [.bin] -> delta_slice_3_off_0200.bin
[!] File already indexed in oeneyeDB. Skipping.

[*] [OENEYE Master Engine]: Processing [.png] -> dnb_enhanced_highres.png
[!] File already indexed in oeneyeDB. Skipping.

[*] [OENEYE Master Engine]: Processing [.json] -> dos_filesystem_index.json
[!] File already indexed in oeneyeDB. Skipping.

[*] [OENEYE Master Engine]: Processing [.docx] -> draft_MOSFETQ.docx
[!] File already indexed in oeneyeDB. Skipping.

[*] [OENEYE Master Engine]: Processing [.bak] -> emu_dos.bak
[!] File already indexed in oeneyeDB. Skipping.

[*] [OENEYE Master Engine]: Processing [.png] -> extracted_test.png
[!] File already indexed in oeneyeDB. Skipping.

[*] [OENEYE Master Engine]: Processing [.ppm] -> extracted_test.ppm
[!] File already indexed in oeneyeDB. Skipping.

[*] [OENEYE Master Engine]: Processing [.img] -> fat12.img
[!] File already indexed in oeneyeDB. Skipping.

[*] [OENEYE Master Engine]: Processing [.json] -> invoice_pretty.json
[!] File already indexed in oeneyeDB. Skipping.

[*] [OENEYE Master Engine]: Processing [.md] -> invoice_receipt.md
[!] File already indexed in oeneyeDB. Skipping.

[*] [OENEYE Master Engine]: Processing [.png] -> loginbg.png
[!] File already indexed in oeneyeDB. Skipping.

[*] [OENEYE Master Engine]: Processing [.png] -> logo.png
[!] File already indexed in oeneyeDB. Skipping.

[*] [OENEYE Master Engine]: Processing [.bat] -> make_oeneye_refs.bat
[!] File already indexed in oeneyeDB. Skipping.

[*] [OENEYE Master Engine]: Processing [.tex] -> monograph.tex
[!] File already indexed in oeneyeDB. Skipping.

[*] [OENEYE Master Engine]: Processing [.img] -> mosfetq-dos (1).img
[!] File already indexed in oeneyeDB. Skipping.

[*] [OENEYE Master Engine]: Processing [.s] -> mosfetq-dos-0.6.s
[!] File already indexed in oeneyeDB. Skipping.

[*] [OENEYE Master Engine]: Processing [.img] -> mosfetq-dos-1200.img
[!] File already indexed in oeneyeDB. Skipping.